assertion_id,subject_id,predicate,object_id,source_doc_id,source_chunk_id,valid_from,valid_to,review_id
ACC_aa76907ac753bc37_c0020_A001,accident::ACC_aa76907ac753bc37,occurred_in,enterprise::融汇化工::ACC_aa76907ac753bc37,ACC_aa76907ac753bc37,ACC_aa76907ac753bc37_c0020,,,REV_ACC_aa76907ac753bc37_c0020_A001_1787744998741232
ACC_aa76907ac753bc37_c0020_A002,accident::ACC_aa76907ac753bc37,involves_equipment,equipment::万向节(鹤管)::ACC_aa76907ac753bc37,ACC_aa76907ac753bc37,ACC_aa76907ac753bc37_c0020,,,REV_ACC_aa76907ac753bc37_c0020_A002_1788059195443355
ACC_aa76907ac753bc37_c0020_A003,accident::ACC_aa76907ac753bc37,involves_chemical,chemical::氯,ACC_aa76907ac753bc37,ACC_aa76907ac753bc37_c0020,,,REV_ACC_aa76907ac753bc37_c0020_A003_1788059217358543
ACC_aa76907ac753bc37_c0020_A004,accident::ACC_aa76907ac753bc37,direct_cause,causal_factor::压力::ACC_aa76907ac753bc37,ACC_aa76907ac753bc37,ACC_aa76907ac753bc37_c0020,,,REV_ACC_aa76907ac753bc37_c0020_A004_1788059329866210
ACC_aa76907ac753bc37_c0020_A005,accident::ACC_aa76907ac753bc37,direct_cause,causal_factor::减薄::ACC_aa76907ac753bc37,ACC_aa76907ac753bc37,ACC_aa76907ac753bc37_c0020,,,REV_ACC_aa76907ac753bc37_c0020_A005_1788059344973414
ACC_aa76907ac753bc37_c0020_A006,accident::ACC_aa76907ac753bc37,direct_cause,causal_factor::塑性断裂::ACC_aa76907ac753bc37,ACC_aa76907ac753bc37,ACC_aa76907ac753bc37_c0020,,,REV_ACC_aa76907ac753bc37_c0020_A006_1788059349948649
ACC_aa76907ac753bc37_c0020_A007,accident::ACC_aa76907ac753bc37,direct_cause,causal_factor::泄漏::ACC_aa76907ac753bc37,ACC_aa76907ac753bc37,ACC_aa76907ac753bc37_c0020,,,REV_ACC_aa76907ac753bc37_c0020_A007_1788059387288235
ACC_aa76907ac753bc37_c0020_A008,accident::ACC_aa76907ac753bc37,direct_cause,causal_factor::中毒::ACC_aa76907ac753bc37,ACC_aa76907ac753bc37,ACC_aa76907ac753bc37_c0020,,,REV_ACC_aa76907ac753bc37_c0020_A008_1788059503215410
ACC_aa76907ac753bc37_c0020_A009,causal_factor::减薄::ACC_aa76907ac753bc37,leads_to,causal_factor::塑性断裂::ACC_aa76907ac753bc37,ACC_aa76907ac753bc37,ACC_aa76907ac753bc37_c0020,,,REV_ACC_aa76907ac753bc37_c0020_A009_1788059515976776
ACC_aa76907ac753bc37_c0020_A010,causal_factor::塑性断裂::ACC_aa76907ac753bc37,leads_to,causal_factor::泄漏::ACC_aa76907ac753bc37,ACC_aa76907ac753bc37,ACC_aa76907ac753bc37_c0020,,,REV_ACC_aa76907ac753bc37_c0020_A010_1788059519739776
ACC_aa76907ac753bc37_c0020_A011,causal_factor::泄漏::ACC_aa76907ac753bc37,leads_to,causal_factor::中毒::ACC_aa76907ac753bc37,ACC_aa76907ac753bc37,ACC_aa76907ac753bc37_c0020,,,REV_ACC_aa76907ac753bc37_c0020_A011_1788059572643237
STD_DB32_T_3617_2019_p6_c6_A001,standard::DB32T3617-2019,has_clause,clause::STD_DB32_T_3617_2019::6.3.1,STD_DB32_T_3617_2019,STD_DB32_T_3617_2019_p6_c6,,,REV_STD_DB32_T_3617_2019_p6_c6_A001_1788059647910606
STD_DB32_T_3617_2019_p6_c6_A002,clause::STD_DB32_T_3617_2019::6.3.1,clause_number,6.3.1,STD_DB32_T_3617_2019,STD_DB32_T_3617_2019_p6_c6,,,REV_STD_DB32_T_3617_2019_p6_c6_A002_1788059678517811
STD_DB32_T_3617_2019_p6_c6_A003,clause::STD_DB32_T_3617_2019::6.3.1,text,液氯贮槽接受液氯应小于1.20kg/L，且液氯充装量应小于容器容积的80%。,STD_DB32_T_3617_2019,STD_DB32_T_3617_2019_p6_c6,,,REV_STD_DB32_T_3617_2019_p6_c6_A003_1788060184943526
STD_DB32_T_3617_2019_p6_c6_A004,standard::DB32T3617-2019,has_clause,clause::STD_DB32_T_3617_2019::6.3.2,STD_DB32_T_3617_2019,STD_DB32_T_3617_2019_p6_c6,,,REV_STD_DB32_T_3617_2019_p6_c6_A004_1788060189035501
STD_DB32_T_3617_2019_p6_c6_A005,clause::STD_DB32_T_3617_2019::6.3.2,clause_number,6.3.2,STD_DB32_T_3617_2019,STD_DB32_T_3617_2019_p6_c6,,,REV_STD_DB32_T_3617_2019_p6_c6_A005_1788060197857721
STD_DB32_T_3617_2019_p6_c6_A006,clause::STD_DB32_T_3617_2019::6.3.2,text,罐体液氯进口管线和出口管线应各设双截止阀，包括手动截止阀和可远程控制达到GB/T 50770要求的SIL1 级自动控制的紧急切断阀。,STD_DB32_T_3617_2019,STD_DB32_T_3617_2019_p6_c6,,,REV_STD_DB32_T_3617_2019_p6_c6_A006_1788060203938878
STD_DB32_T_3617_2019_p6_c6_A007,requirement::DB32T3617-2019_6.3.1_R01,derived_from,clause::STD_DB32_T_3617_2019::6.3.1,STD_DB32_T_3617_2019,STD_DB32_T_3617_2019_p6_c6,,,REV_STD_DB32_T_3617_2019_p6_c6_A007_1788060209104279
STD_DB32_T_3617_2019_p6_c6_A008,requirement::DB32T3617-2019_6.3.1_R01,requirement_id,DB32T3617-2019_6.3.1_R01,STD_DB32_T_3617_2019,STD_DB32_T_3617_2019_p6_c6,,,REV_STD_DB32_T_3617_2019_p6_c6_A008_1788060232487515
STD_DB32_T_3617_2019_p6_c6_A009,requirement::DB32T3617-2019_6.3.1_R01,modality,应,STD_DB32_T_3617_2019,STD_DB32_T_3617_2019_p6_c6,,,REV_STD_DB32_T_3617_2019_p6_c6_A009_1788060307400542
STD_DB32_T_3617_2019_p6_c6_A010,requirement::DB32T3617-2019_6.3.1_R01,quantitative_constraint,<1.20kg/L,STD_DB32_T_3617_2019,STD_DB32_T_3617_2019_p6_c6,,,REV_STD_DB32_T_3617_2019_p6_c6_A010_1788060312026105
STD_DB32_T_3617_2019_p6_c6_A011,requirement::DB32T3617-2019_6.3.1_R01,action,接受,STD_DB32_T_3617_2019,STD_DB32_T_3617_2019_p6_c6,,,REV_STD_DB32_T_3617_2019_p6_c6_A011_1788060531653179
STD_DB32_T_3617_2019_p6_c6_A012,requirement::DB32T3617-2019_6.3.1_R01,subject,液氯贮槽,STD_DB32_T_3617_2019,STD_DB32_T_3617_2019_p6_c6,,,REV_STD_DB32_T_3617_2019_p6_c6_A012_1788060547013189
STD_DB32_T_3617_2019_p6_c6_A013,requirement::DB32T3617-2019_6.3.1_R01,object,液氯,STD_DB32_T_3617_2019,STD_DB32_T_3617_2019_p6_c6,,,REV_STD_DB32_T_3617_2019_p6_c6_A013_1788060873447133
STD_DB32_T_3617_2019_p6_c6_A014,requirement::DB32T3617-2019_6.3.1_R01,applies_to,equipment::液氯贮槽::STD_DB32_T_3617_2019,STD_DB32_T_3617_2019,STD_DB32_T_3617_2019_p6_c6,,,REV_STD_DB32_T_3617_2019_p6_c6_A014_1788060887553659
STD_DB32_T_3617_2019_p6_c6_A015,requirement::DB32T3617-2019_6.3.1_R01,applies_to,chemical::液氯,STD_DB32_T_3617_2019,STD_DB32_T_3617_2019_p6_c6,,,REV_STD_DB32_T_3617_2019_p6_c6_A015_1788060985662344
STD_DB32_T_3617_2019_p6_c6_A016,requirement::DB32T3617-2019_6.3.1_R02,derived_from,clause::STD_DB32_T_3617_2019::6.3.1,STD_DB32_T_3617_2019,STD_DB32_T_3617_2019_p6_c6,,,REV_STD_DB32_T_3617_2019_p6_c6_A016_1788060997422088
STD_DB32_T_3617_2019_p6_c6_A017,requirement::DB32T3617-2019_6.3.1_R02,has_clause,DB32T3617-2019_6.3.1_R02,STD_DB32_T_3617_2019,STD_DB32_T_3617_2019_p6_c6,,,REV_STD_DB32_T_3617_2019_p6_c6_A017_1788061174741797
STD_DB32_T_3617_2019_p6_c6_A018,requirement::DB32T3617-2019_6.3.1_R02,modality,应,STD_DB32_T_3617_2019,STD_DB32_T_3617_2019_p6_c6,,,REV_STD_DB32_T_3617_2019_p6_c6_A018_1788061222287902
