file,pages,chars
REG_ZV9XBC775342F5E5399B.json,2,420
REG_ZV9XDA97309549F6AF0F.json,1,452
REG_ZV9X87A9D5CC54080A9C.json,2,481
REG_ZV9XEE558E230411B248.json,2,564
REG_ZV9X74F99B75637AB80B.json,3,593
REG_ZV9XC797F67110005FAB.json,2,602
REG_ZV9X8B08E5B55E90A005.json,2,611
REG_ZV9X925D94A35D5EE686.json,1,819
REG_ZV9X97C51B2FE953E368.json,2,871
REG_ZV9X91A2F2CE9064653D.json,2,902
REG_ZV9X7B4D5460CD0CFDA6.json,2,972
STD_SN_T_1730.6_2006.json,3,1022
REG_ZV9XDB0208ADD2355120.json,3,1119
STD_GB_T_21624_2008.json,3,1158
STD_SN_T_1730.3_2006.json,3,1181
STD_WJ_T_9104_2024.json,4,1230
STD_SN_T_2498.2_2010.json,4,1233
STD_SN_T_1730.7_2006.json,4,1255
REG_ZV9XD225EC961EF61E52.json,3,1303
STD_GB_T_21611_2008.json,4,1348
