doc_id,status,pages,chars,time
REG_ZV9X00FC1CC7BB445E4D,SUCCESS,14,5686,1.3
REG_ZV9X02428853F97D6D50,SUCCESS,20,11851,0.02
REG_ZV9X02CDBFD16766BC3E,SUCCESS,7,4905,0.01
REG_ZV9X02F176B7F9E9FA54,SUCCESS,12,7728,0.02
REG_ZV9X05AD86D78806AB69,SUCCESS,59,30975,0.12
REG_ZV9X0676B53ED0F60C33,SUCCESS,7,3176,0.01
REG_ZV9X06B8233AC71217FD,SUCCESS,13,5939,0.19
REG_ZV9X07229D5346247C03,SUCCESS,119,93163,0.3
REG_ZV9X080F189EB419804A,SUCCESS,11,5757,0.22
REG_ZV9X0856CD1474AAD7BC,SUCCESS,17,5577,0.58
REG_ZV9X0857F8F1CDA2EF78,SUCCESS,7,4080,0.01
REG_ZV9X09ADA20299EF5050,SUCCESS,56,29131,0.05
REG_ZV9X0CCF08456F08909F,SUCCESS,6,2718,0.01
REG_ZV9X0F62DF038E7E5AB8,SUCCESS,3,1671,0.01
REG_ZV9X11FAD074A9180C4B,SUCCESS,10,6577,0.01
REG_ZV9X127916ADF022B480,SUCCESS,3,1534,0.01
REG_ZV9X12D6C764D4878609,SUCCESS,17,8476,0.02
REG_ZV9X1563FC4CB650E9C3,SUCCESS,12,6301,0.02
REG_ZV9X16761639490F4B82,SUCCESS,24,11852,0.02
REG_ZV9X18DB30DE30E93630,SUCCESS,7,2859,0.01
REG_ZV9X19EC7847C07146A0,SUCCESS,7,5004,0.01
REG_ZV9X1A2C66B9F32A011F,SUCCESS,27,13465,0.37
REG_ZV9X1A2D4D5C6F4EE8A6,SUCCESS,13,8047,0.02
REG_ZV9X1A3E23D3906A31A6,SUCCESS,8,3382,0.17
REG_ZV9X1A6957B5D41F50AB,SUCCESS,15,6479,0.02
REG_ZV9X1B65E9531BD91AD0,SUCCESS,61,61027,0.09
REG_ZV9X1C114D13059828F5,SUCCESS,4,2840,0.01
REG_ZV9X1C8C1B521FCD888A,SUCCESS,11,6820,0.16
REG_ZV9X1ED8BEA47DE6210A,SUCCESS,21,9663,0.2
REG_ZV9X1F4536AFB065916B,SUCCESS,6,3717,0.01
REG_ZV9X1F939DB9B8A87592,SUCCESS,7,4524,0.01
REG_ZV9X20A359F8A1E41495,SUCCESS,10,3690,0.17
REG_ZV9X2671DE997273B7E0,SUCCESS,15,8962,0.02
REG_ZV9X2AA3061D479F4BF6,SUCCESS,9,2833,3.61
REG_ZV9X2C43898BB6C88E64,SUCCESS,14,6268,0.17
REG_ZV9X2E96F58FA2D43006,SUCCESS,14,7982,0.18
REG_ZV9X306A48649D3FDB3F,SUCCESS,11,6596,0.01
REG_ZV9X31B908EF1148E760,SUCCESS,30,23196,0.04
REG_ZV9X32BDFFFCA1EC940D,SUCCESS,13,5643,0.55
REG_ZV9X338642AA6337C8C6,SUCCESS,15,7546,0.03
REG_ZV9X33D58C06264D2184,SUCCESS,5,2253,0.01
REG_ZV9X363667E953B420B6,SUCCESS,6,4030,0.01
REG_ZV9X387639AAA4BB9610,SUCCESS,10,6584,0.01
REG_ZV9X397BBCE0C9CEE6B6,SUCCESS,11,7381,0.01
REG_ZV9X39B1403F89D92F10,SUCCESS,13,8332,0.02
REG_ZV9X3B109A2BEBB1C097,SUCCESS,10,6664,0.01
REG_ZV9X3B26E8E154C7FBB1,SUCCESS,26,13063,0.22
REG_ZV9X3B801CEEF13E6D10,SUCCESS,5,3185,0.01
REG_ZV9X3C7B2E5CCCEDD1D8,SUCCESS,30,15569,0.03
REG_ZV9X3DDF65C83DD7CA85,SUCCESS,39,18405,0.03
REG_ZV9X40E5FE9FE95FA526,SUCCESS,12,7327,0.02
REG_ZV9X41A1621C57C100BA,SUCCESS,9,5261,0.02
REG_ZV9X42E9E5F00F1AB620,SUCCESS,24,11997,0.18
REG_ZV9X43915227BD2CDB4A,SUCCESS,14,9335,0.02
REG_ZV9X43A81C637440F8CE,SUCCESS,21,9427,0.02
REG_ZV9X4733BC3DE6B6AF2C,SUCCESS,10,4677,0.01
REG_ZV9X47C586E7EB20F444,SUCCESS,13,6060,0.2
REG_ZV9X48D87D0E5D79D822,SUCCESS,7,4016,0.01
REG_ZV9X497B8864095AAAEE,SUCCESS,11,4324,0.16
REG_ZV9X49ED3DB8F163DE2F,SUCCESS,28,19439,15.23
REG_ZV9X4A40E2EB47D2C966,SUCCESS,6,3713,0.16
REG_ZV9X4A51E8EA4915B794,SUCCESS,6,2048,0.15
REG_ZV9X4B1B9C94D7911BAF,SUCCESS,4,2454,0.01
REG_ZV9X4BBCE8E3B4E03C2F,SUCCESS,10,5970,0.01
REG_ZV9X4CB13DB0DFAA2426,SUCCESS,8,3229,0.02
REG_ZV9X4E31AA079E7920DB,SUCCESS,17,7952,0.02
REG_ZV9X4E3AB134DD15913C,SUCCESS,12,5469,0.01
REG_ZV9X4E59E525EC1452EA,SUCCESS,5,3565,0.01
REG_ZV9X4E8F9D58E37259DF,SUCCESS,8,3318,0.17
REG_ZV9X5163C9A3D424767E,SUCCESS,10,6431,0.01
REG_ZV9X526498E1DB07E750,SUCCESS,9,4786,0.01
REG_ZV9X535306F2B6CD0332,SUCCESS,26,9458,0.99
REG_ZV9X535F211D1314B1ED,SUCCESS,19,9246,0.02
REG_ZV9X54EE851F54E97139,SUCCESS,21,10468,0.02
REG_ZV9X554B1289EEA3E6F2,SUCCESS,13,5924,0.02
REG_ZV9X5613EA333A8CEF10,SUCCESS,8,3893,0.01
REG_ZV9X56A56A00A6101CE2,SUCCESS,27,13370,0.03
REG_ZV9X58DFEDD726CFE4A3,SUCCESS,9,4430,0.01
REG_ZV9X5C5679B9E68E7DA0,SUCCESS,14,8898,0.02
REG_ZV9X5C87101D95343D5E,SUCCESS,7,5215,0.01
REG_ZV9X5D346EEC4CB80A3A,SUCCESS,18,9866,0.02
REG_ZV9X5D57F983894D1A96,SUCCESS,19,8881,0.02
REG_ZV9X5ED69E82C1768718,SUCCESS,9,5693,0.01
REG_ZV9X5FB52F66AA6435BB,SUCCESS,150,219085,0.29
REG_ZV9X5FDA103BC23A3E97,SUCCESS,7,4866,0.01
REG_ZV9X60C646B26E8A90A3,SUCCESS,173,148378,0.18
REG_ZV9X60C94B237E9BA485,SUCCESS,19,9221,0.02
REG_ZV9X621EE4D64614B22B,SUCCESS,11,5087,0.02
REG_ZV9X62DFB93D8CAB3D58,SUCCESS,15,6957,0.61
REG_ZV9X6341690E22927304,SUCCESS,7,3582,0.01
REG_ZV9X634E30AC4DB8D9AC,SUCCESS,12,5727,0.02
REG_ZV9X639BC96441E90FA4,SUCCESS,20,11942,0.15
REG_ZV9X63CDF4933B1E78BE,SUCCESS,11,6838,0.02
REG_ZV9X6A5D4204A77FDBD1,SUCCESS,490,273976,13.39
REG_ZV9X6B90E3A2A82744DF,SUCCESS,12,7800,0.02
REG_ZV9X6C9E5B4B31DACBCF,SUCCESS,10,6528,0.01
REG_ZV9X6DCA00600E3EC73D,SUCCESS,53,53082,0.44
REG_ZV9X6E0A476950011110,SUCCESS,16,9424,0.02
REG_ZV9X6E5B2598DA2BF2A4,SUCCESS,10,5815,0.02
REG_ZV9X6F3558F9ADCA2DE8,SUCCESS,10,6629,0.01
REG_ZV9X6F402FED7FCD685C,SUCCESS,14,6842,0.04
REG_ZV9X6F85EC63114C3AB4,SUCCESS,12,8435,0.02
REG_ZV9X715514F775C68233,SUCCESS,13,7388,0.25
REG_ZV9X7178E442C42A3FD7,SUCCESS,21,10278,0.02
REG_ZV9X71FC35571A129E0D,SUCCESS,9,5297,0.14
REG_ZV9X720B604B93D4AFBF,SUCCESS,7,3961,0.01
REG_ZV9X74F99B75637AB80B,SUCCESS,3,593,0.14
REG_ZV9X758906AFAFE33A97,SUCCESS,17,7291,0.21
REG_ZV9X768F128A54A34D4E,SUCCESS,11,8624,0.02
REG_ZV9X7AD2F0096FC8C004,SUCCESS,17,12258,0.02
REG_ZV9X7B4D5460CD0CFDA6,SUCCESS,2,972,0.01
REG_ZV9X7E762E4432F57F62,SUCCESS,4,2440,0.01
REG_ZV9X801BE14C55CA388C,SUCCESS,4,2891,0.01
REG_ZV9X816A5F22547158E1,SUCCESS,18,12702,0.02
REG_ZV9X81CF899DAE3A639C,SUCCESS,17,11292,0.02
REG_ZV9X8200A8D8F88A1B32,SUCCESS,18,8110,0.02
REG_ZV9X8247F74E8D47545A,SUCCESS,14,6918,0.02
REG_ZV9X8302E29747C5EF76,SUCCESS,61,43287,0.51
REG_ZV9X841FE9B98C36FAD0,SUCCESS,8,4435,0.14
REG_ZV9X86882DA03C87C997,SUCCESS,23,11930,0.02
REG_ZV9X8705CB7A7ABBCF60,SUCCESS,12,8036,0.02
REG_ZV9X87371ECCEFEE1A5F,SUCCESS,22,10350,0.02
REG_ZV9X87A9D5CC54080A9C,SUCCESS,2,481,0.19
REG_ZV9X8870200536AB3E78,SUCCESS,11,7965,0.02
REG_ZV9X898531CB51D12E65,SUCCESS,15,10635,0.02
REG_ZV9X8994660056BC555B,SUCCESS,57,29181,1.65
REG_ZV9X8A21C86DA2128F4E,SUCCESS,7,3294,0.02
REG_ZV9X8A28E9EF1408F6DB,SUCCESS,8,3308,0.01
REG_ZV9X8A64A3E913A5A5CB,SUCCESS,21,10118,0.02
REG_ZV9X8B08E5B55E90A005,SUCCESS,2,611,0.0
REG_ZV9X8B97A977504A20F5,SUCCESS,8,3324,0.17
REG_ZV9X8BB158B4E70CFBAF,SUCCESS,16,6592,0.65
REG_ZV9X8C6805468B99FD91,SUCCESS,59,40812,0.21
REG_ZV9X8CDB83589566EC6A,SUCCESS,7,3614,0.02
REG_ZV9X8D941BA76EB2DF6D,SUCCESS,8,4960,0.17
REG_ZV9X8E1FBC447FAA2D5C,SUCCESS,8,3029,1.1
REG_ZV9X8F1D35B1CF436C5D,SUCCESS,10,5856,0.01
REG_ZV9X903B452B62F73BC7,SUCCESS,10,4997,0.02
REG_ZV9X9134DC143B96ED9B,SUCCESS,14,8606,0.02
REG_ZV9X919DE589D57AFEFE,SUCCESS,8,4725,0.01
REG_ZV9X91A2F2CE9064653D,SUCCESS,2,902,0.01
REG_ZV9X91AA926FBEFCCC0E,SUCCESS,34,31988,0.04
REG_ZV9X925D94A35D5EE686,SUCCESS,1,819,0.01
REG_ZV9X927FBCC62B8A256D,SUCCESS,11,5937,0.02
REG_ZV9X9370C64A88F6295A,SUCCESS,10,6289,0.01
REG_ZV9X944BDC9825EB497D,SUCCESS,8,5182,0.01
REG_ZV9X949176951B6F0898,SUCCESS,5,2326,0.01
REG_ZV9X953B21F6B6E007B0,SUCCESS,13,6537,0.02
REG_ZV9X960C8AAA5DF38EB6,SUCCESS,5,2354,0.01
REG_ZV9X97C51B2FE953E368,SUCCESS,2,871,0.0
REG_ZV9X991E107D954EC8E8,SUCCESS,5,2328,0.01
REG_ZV9X99C2F2FCD7F2C32A,SUCCESS,16,10546,0.02
REG_ZV9X9A630A575638A503,SUCCESS,9,3901,0.01
REG_ZV9X9AAF8848FA63A27C,SUCCESS,8,2238,0.32
REG_ZV9X9B964B7678A192D9,SUCCESS,39,21867,0.03
REG_ZV9X9DF2BA883BCCE675,SUCCESS,15,10169,0.16
REG_ZV9X9EC3D6656CD52534,SUCCESS,15,6823,0.5
REG_ZV9XA37E3353ACEF720F,SUCCESS,3,2050,0.01
REG_ZV9XA395E3B5FE6E401A,SUCCESS,15,7389,7.71
REG_ZV9XA3F9B811920E5E7F,SUCCESS,4,3198,0.01
REG_ZV9XA60206A050596C84,SUCCESS,11,6317,0.16
REG_ZV9XA68F6E7FADF5A2EC,SUCCESS,12,6980,0.02
REG_ZV9XA773A92B1DDD79B1,SUCCESS,21,9537,0.02
REG_ZV9XA8972C30D4DA7349,SUCCESS,46,21767,0.18
REG_ZV9XA9749B4A463CC3FA,SUCCESS,8,4066,0.01
REG_ZV9XA999551F9142FE7C,SUCCESS,9,5302,0.14
REG_ZV9XABB99003B428EB28,SUCCESS,9,5059,0.01
REG_ZV9XAD117E4F7AC31E64,SUCCESS,6,3863,0.01
REG_ZV9XAD7F47D312F367A6,SUCCESS,4,1629,0.01
REG_ZV9XAF2074D66A437588,SUCCESS,3,1735,0.01
REG_ZV9XAF5EEC3FEC174A57,SUCCESS,10,6070,0.01
REG_ZV9XAFF63BDCFA53C5FD,SUCCESS,21,9736,0.03
REG_ZV9XB1504EDC866AD830,SUCCESS,7,2744,0.44
REG_ZV9XB180DEC272F7B031,SUCCESS,15,11621,0.02
REG_ZV9XB2B949CC364B19E6,SUCCESS,17,9817,0.02
REG_ZV9XB2ED024554855548,SUCCESS,23,19702,0.04
REG_ZV9XB37139FC1BC4CE7A,SUCCESS,16,10456,0.02
REG_ZV9XB3FE86E131EE0ADA,SUCCESS,19,9240,0.02
REG_ZV9XB4A0A5EAA51354B3,SUCCESS,8,5623,0.01
REG_ZV9XB6A900B3F462678D,SUCCESS,15,8751,0.02
REG_ZV9XB71A745B6DD0CABF,SUCCESS,20,9519,0.02
REG_ZV9XB8312B6B2644116A,SUCCESS,20,9177,0.02
REG_ZV9XBB0264B8C4845313,SUCCESS,10,7741,0.01
REG_ZV9XBB069001346365D5,SUCCESS,10,4893,0.01
REG_ZV9XBC775342F5E5399B,SUCCESS,2,420,0.0
REG_ZV9XC02B6BA12F26BEE6,SUCCESS,12,5257,0.01
REG_ZV9XC0C183BEA03C5AB3,SUCCESS,8,4176,0.14
REG_ZV9XC24312DB82ECBF86,SUCCESS,29,21665,0.48
REG_ZV9XC2BE6F2BBB429D17,SUCCESS,4,1558,0.01
REG_ZV9XC512A8B8FE3DF3D4,SUCCESS,16,7596,0.02
REG_ZV9XC57E24C6E8E19119,SUCCESS,12,5990,0.02
REG_ZV9XC679945B5BB36760,SUCCESS,5,2994,0.02
REG_ZV9XC6AC3F8EFD733077,SUCCESS,7,4566,0.01
REG_ZV9XC6CAD6F656D690F0,SUCCESS,11,4266,0.14
REG_ZV9XC797F67110005FAB,SUCCESS,2,602,0.15
REG_ZV9XC9E049E5D2D5D2A7,SUCCESS,11,5964,0.01
REG_ZV9XCB02A688680A889C,SUCCESS,10,5536,0.01
REG_ZV9XCBEBFDAE28E7D450,SUCCESS,13,9074,0.02
REG_ZV9XCCF694A77BAE6074,SUCCESS,12,7211,0.19
REG_ZV9XCCF96036CCEB5CA4,SUCCESS,19,10007,0.02
REG_ZV9XD03F9420ADDB3477,SUCCESS,10,5891,0.01
REG_ZV9XD1EDE8C25451C232,SUCCESS,5,3153,0.01
REG_ZV9XD225EC961EF61E52,SUCCESS,3,1303,0.01
REG_ZV9XD559F678EE6C2FA3,SUCCESS,5,2542,0.15
REG_ZV9XD8544F5D58183AAE,SUCCESS,29,18629,0.2
REG_ZV9XD97564F1D84F7194,SUCCESS,17,7642,0.02
REG_ZV9XD9F88EBA0117D399,SUCCESS,165,218269,0.37
REG_ZV9XDA97309549F6AF0F,SUCCESS,1,452,0.0
REG_ZV9XDAA0A88B9D6F03EE,SUCCESS,17,7950,0.02
REG_ZV9XDB0208ADD2355120,SUCCESS,3,1119,0.01
REG_ZV9XDDA9209EE6D3CAC7,SUCCESS,14,8085,0.02
REG_ZV9XDDD3F0E4CC3D7923,SUCCESS,16,7019,0.02
REG_ZV9XDE8E18A3751A2A6B,SUCCESS,10,3231,1.01
REG_ZV9XDF1FAF7F26D358B6,SUCCESS,393,381599,0.47
REG_ZV9XDFF19C19308B2581,SUCCESS,10,5434,0.02
REG_ZV9XE0EE74072C618500,SUCCESS,4,2548,0.01
REG_ZV9XE100FBAB07287ED8,SUCCESS,15,6829,0.02
REG_ZV9XE246086E53264567,SUCCESS,13,5445,0.15
REG_ZV9XE2D79A0578B96C1E,SUCCESS,10,7061,0.01
REG_ZV9XE2E2510457877FD9,SUCCESS,43,27093,0.04
REG_ZV9XE3D55D8C6BAEBF4F,SUCCESS,26,12351,0.03
REG_ZV9XE538EB80E53617E9,SUCCESS,16,8436,0.2
REG_ZV9XE5ED89EAE9CB8A43,SUCCESS,8,4623,0.01
REG_ZV9XE7CF4C065EAEA67E,SUCCESS,3,1590,0.01
REG_ZV9XE7FC7D04357958A2,SUCCESS,12,5319,0.02
REG_ZV9XE82DCB525A7F5A3A,SUCCESS,20,9756,0.02
REG_ZV9XEA7F8C9502574133,SUCCESS,27,14519,0.03
REG_ZV9XEB53E4F9381B3FF9,SUCCESS,16,6871,0.02
REG_ZV9XEC3622A8495BABCE,SUCCESS,18,7225,0.02
REG_ZV9XECC29A03641DF4AA,SUCCESS,11,4920,5.81
REG_ZV9XEE558E230411B248,SUCCESS,2,564,0.15
REG_ZV9XF02074C7B41EA411,SUCCESS,7,5617,0.02
REG_ZV9XF0DACD14FB2A1E0E,SUCCESS,7,4340,0.01
REG_ZV9XF1977342FAB38724,SUCCESS,149,217032,0.45
REG_ZV9XF1D26B6B2CC21343,SUCCESS,27,13443,0.03
REG_ZV9XF47B4E8523120302,SUCCESS,18,10096,0.02
REG_ZV9XF83A93021FA4916B,SUCCESS,6,3881,0.14
REG_ZV9XFB58AF12E04FFCD7,SUCCESS,7,4068,0.01
REG_ZV9XFC50064953C72049,SUCCESS,9,5553,0.01
STD_AQ_3011_2007,SUCCESS,7,4162,2.95
STD_AQ_4101_2008,SUCCESS,14,11164,0.01
STD_AQ_4101_2026,SUCCESS,31,22880,1.89
STD_AQ_4102_2008,SUCCESS,12,5134,0.01
STD_AQ_4102_2026,SUCCESS,17,8379,0.99
STD_AQ_4103_2008,SUCCESS,9,5145,0.01
STD_AQ_4104_2008,SUCCESS,9,3408,0.0
STD_AQ_4104_2025,SUCCESS,7,2875,3.03
STD_AQ_4105_2008,SUCCESS,9,4889,0.21
STD_AQ_4106_2008,SUCCESS,9,4148,0.2
STD_AQ_4107_2008,SUCCESS,7,2655,2.51
STD_AQ_4108_2008,SUCCESS,8,3500,3.18
STD_AQ_4109_2008,SUCCESS,7,2680,2.57
STD_AQ_4110_2008,SUCCESS,9,4514,3.84
STD_AQ_4111_2008,SUCCESS,7,3048,2.78
STD_AQ_4112_2008,SUCCESS,8,3462,0.23
STD_AQ_4113_2008,SUCCESS,19,9353,0.01
STD_AQ_4114_2011,SUCCESS,15,4600,6.15
STD_AQ_4115_2011,SUCCESS,8,4038,3.38
STD_AQ_4115_2025,SUCCESS,13,7063,6.52
STD_AQ_4124_2026,SUCCESS,14,7864,0.4
STD_AQ_4125_2014,SUCCESS,7,2993,3.67
STD_AQ_4126_2018,SUCCESS,17,8516,7.77
STD_AQ_4127_2026,SUCCESS,9,5307,0.27
STD_AQ_4128_2019,SUCCESS,9,5624,0.05
STD_AQ_4129_2019,SUCCESS,8,3655,0.04
STD_AQ_4131_2023,SUCCESS,8,2239,4.53
STD_AQ_4132_2025,SUCCESS,17,7273,7.63
STD_AQ_T_4105_2023,SUCCESS,16,11320,12.04
STD_AQ_T_4116_2011,SUCCESS,5,1424,1.72
STD_AQ_T_4117_2011,SUCCESS,9,3379,3.45
STD_AQ_T_4118_2011,SUCCESS,13,4812,5.05
STD_AQ_T_4119_2011,SUCCESS,13,4810,5.02
STD_AQ_T_4120_2011,SUCCESS,7,2813,2.85
STD_AQ_T_4122_2014,SUCCESS,6,3091,3.24
STD_AQ_T_4123_2014,SUCCESS,9,3655,4.57
STD_AQ_T_4124_2014,SUCCESS,17,7415,9.28
STD_AQ_T_4127_2018,SUCCESS,15,7996,6.94
STD_AQ_T_4130_2019,SUCCESS,16,11490,0.13
STD_DB11_T_1322.32_2019,SUCCESS,43,36757,0.05
STD_DB11_T_1578_2025,SUCCESS,15,12834,0.02
STD_DB11_T_2196_2023,SUCCESS,9,6152,0.01
STD_DB11_T_302_2023,SUCCESS,31,30967,18.39
STD_DB11_T_834_2020,SUCCESS,8,7024,0.02
STD_DB11__358_2016,SUCCESS,14,9729,0.14
STD_DB13_T_2941_2019,SUCCESS,7,3707,0.14
STD_DB13_T_5272_2020,SUCCESS,25,24987,0.05
STD_DB13_T_5742_2023,SUCCESS,8,6968,4.14
STD_DB15_T_1198_2024,SUCCESS,13,10785,6.76
STD_DB21_T_3267_2020,SUCCESS,9,4867,0.01
STD_DB22_T_3071_2019,SUCCESS,6,1754,1.55
STD_DB22_T_3221_2021,SUCCESS,12,6365,0.02
STD_DB32_T_3256_2017,SUCCESS,11,9213,0.02
STD_DB32_T_3615_2019,SUCCESS,10,9248,0.03
STD_DB32_T_3617_2019,SUCCESS,9,6524,0.02
STD_DB32_T_4531_2023,SUCCESS,8,3843,0.02
STD_DB3302_T_1051_2019,SUCCESS,12,12249,0.04
STD_DB33_T_1155_2018,SUCCESS,54,42633,0.28
STD_DB33_T_768.8_2009,SUCCESS,9,8607,0.03
STD_DB37_T_4995_2025,SUCCESS,11,5364,0.5
STD_DB37_T_5347_2026,SUCCESS,58,48094,0.36
STD_DB37_T_997_2022,SUCCESS,19,11091,7.5
STD_DB43_T_1780_2020,SUCCESS,11,5756,4.44
STD_DB43_T_1785_2020,SUCCESS,9,4538,3.26
STD_DB43_T_1786_2020,SUCCESS,28,25585,15.18
STD_DB43_T_3447_2025,SUCCESS,258,136710,106.03
STD_DB43_T_411_2008,SUCCESS,28,21310,14.17
STD_DB43_T_412_2008,SUCCESS,18,11261,8.14
STD_DB43_T_413_2008,SUCCESS,9,3878,3.73
STD_DB44_T_2564_2024,SUCCESS,14,5347,0.03
STD_DB46_T_521_2021,SUCCESS,42,22200,0.39
STD_DB46_T_671_2025,SUCCESS,14,10271,0.89
STD_DB46_T_672_2025,SUCCESS,23,19449,0.06
STD_DB50_T_867.25_2021,SUCCESS,177,183821,0.43
STD_DB51_T_3239_2024,SUCCESS,128,137480,0.54
STD_DB65_T_3902_2016,SUCCESS,26,19467,16.36
STD_GA_837_2009,SUCCESS,6,4059,3.5
STD_GA_838_2009,SUCCESS,11,8376,0.02
STD_GA_921_2011,SUCCESS,10,4797,5.69
STD_GA_T_536.1_2013,SUCCESS,8,4622,3.84
STD_GA_T_536.2_2005,SUCCESS,4,1665,1.3
STD_GA_T_536.3_2005,SUCCESS,5,2872,1.9
STD_GA_T_536.4_2005,SUCCESS,4,1885,1.46
STD_GA_T_536.5_2005,SUCCESS,4,1900,1.43
STD_GA_T_536.6_2010,SUCCESS,10,4280,4.35
STD_GA_T_972_2011,SUCCESS,5,1504,1.85
STD_GB_10631_2025,SUCCESS,37,32288,1.06
STD_GB_11652_2012,SUCCESS,32,21398,2.58
STD_GB_11984_2024,SUCCESS,10,9965,0.04
STD_GB_12268_2025,SUCCESS,456,155430,1.37
STD_GB_12662_2008,SUCCESS,7,5077,0.07
STD_GB_12950_1991,SUCCESS,16,12410,8.67
STD_GB_13042_2008,SUCCESS,8,4205,0.06
STD_GB_15258_2009,SUCCESS,26,17164,18.56
STD_GB_15346_2012,SUCCESS,17,13744,0.05
STD_GB_16473_1996,SUCCESS,9,4582,15.69
STD_GB_17919_2025,SUCCESS,13,12530,0.05
STD_GB_18154_2025,SUCCESS,17,11053,0.21
STD_GB_18191_2008,SUCCESS,7,4631,0.07
STD_GB_19107_2003,SUCCESS,7,4774,0.04
STD_GB_19109_2003,SUCCESS,6,3847,0.38
STD_GB_19160_2008,SUCCESS,7,4659,0.07
STD_GB_19268_2021,SUCCESS,9,5857,0.08
STD_GB_19358_2003,SUCCESS,5,2377,2.2
STD_GB_19417_2025,SUCCESS,16,9307,0.03
STD_GB_19434.3_2004,SUCCESS,5,2868,0.01
STD_GB_19434.4_2004,SUCCESS,6,3565,0.01
STD_GB_19434.5_2004,SUCCESS,6,4135,0.01
STD_GB_19434.6_2004,SUCCESS,7,5981,0.01
STD_GB_19434.7_2004,SUCCESS,5,3002,0.0
STD_GB_19434.8_2004,SUCCESS,7,4672,0.04
STD_GB_19454_2009,SUCCESS,16,15861,0.18
STD_GB_19455_2004,SUCCESS,14,10752,0.79
STD_GB_19521.11_2005,SUCCESS,8,6306,4.46
STD_GB_19595_2004,SUCCESS,9,4676,0.49
STD_GB_20208_2006,SUCCESS,6,3636,0.49
STD_GB_21178_2007,SUCCESS,12,6829,15.89
STD_GB_26447_2010,SUCCESS,6,3009,2.41
STD_GB_26448_2010,SUCCESS,15,11221,7.97
STD_GB_26569_2026,SUCCESS,6,3234,0.02
STD_GB_2702_1990,SUCCESS,4,2421,1.94
STD_GB_27833_2011,SUCCESS,22,15216,13.29
STD_GB_27834_2011,SUCCESS,12,8426,6.28
STD_GB_28263_2024,SUCCESS,39,43516,0.13
STD_GB_28644.3_2012,SUCCESS,40,25152,21.86
STD_GB_28645.1_2012,SUCCESS,6,2431,2.14
STD_GB_28645.2_2012,SUCCESS,6,2452,3.34
STD_GB_30000.10_2013,SUCCESS,12,6376,0.23
STD_GB_30000.11_2013,SUCCESS,12,6429,0.19
STD_GB_30000.12_2013,SUCCESS,14,8115,0.04
STD_GB_30000.13_2013,SUCCESS,16,8385,0.05
STD_GB_30000.14_2013,SUCCESS,16,9011,0.35
STD_GB_30000.15_2013,SUCCESS,16,8715,0.05
STD_GB_30000.16_2013,SUCCESS,17,10683,0.45
STD_GB_30000.17_2013,SUCCESS,12,6200,0.04
STD_GB_30000.18_2013,SUCCESS,38,19896,0.72
STD_GB_30000.19_2013,SUCCESS,24,16297,0.08
STD_GB_30000.1_2024,SUCCESS,21,16550,0.05
STD_GB_30000.20_2013,SUCCESS,24,15767,0.23
STD_GB_30000.21_2013,SUCCESS,21,15093,0.64
STD_GB_30000.22_2013,SUCCESS,17,10534,0.22
STD_GB_30000.23_2013,SUCCESS,17,12188,0.29
STD_GB_30000.24_2013,SUCCESS,24,16891,0.09
STD_GB_30000.25_2013,SUCCESS,21,16367,0.37
STD_GB_30000.26_2013,SUCCESS,20,15280,0.62
STD_GB_30000.27_2013,SUCCESS,15,8737,0.53
STD_GB_30000.28_2013,SUCCESS,37,27586,1.19
STD_GB_30000.29_2013,SUCCESS,16,8148,0.22
STD_GB_30000.2_2013,SUCCESS,20,11738,0.87
STD_GB_30000.30_2025,SUCCESS,16,9434,0.58
STD_GB_30000.3_2013,SUCCESS,17,8779,0.05
STD_GB_30000.4_2013,SUCCESS,17,8075,0.4
STD_GB_30000.5_2013,SUCCESS,12,6642,0.04
STD_GB_30000.6_2013,SUCCESS,14,7284,0.33
STD_GB_30000.7_2013,SUCCESS,16,9438,0.06
STD_GB_30000.8_2013,SUCCESS,12,7044,0.04
STD_GB_30000.9_2013,SUCCESS,18,11362,0.47
STD_GB_39176_2020,SUCCESS,12,6931,0.21
STD_GB_46032_2025,SUCCESS,9,6337,0.03
STD_GB_46770_2025,SUCCESS,9,6319,0.02
STD_GB_47369_2026,SUCCESS,10,5417,0.02
STD_GB_50028_2006(2020年版),SUCCESS,329,221979,3.39
STD_GB_50089_2018,SUCCESS,238,131417,123.92
STD_GB_6222_2025,SUCCESS,40,46353,0.31
STD_GB_6944_2025,SUCCESS,26,30215,0.09
STD_GB_T_10632_2026,SUCCESS,9,6034,0.03
STD_GB_T_12474_2008,SUCCESS,7,3381,3.08
STD_GB_T_13201_2025,SUCCESS,5,1718,0.01
STD_GB_T_13611_2018,SUCCESS,14,12014,0.12
STD_GB_T_14188_2025,SUCCESS,11,8825,0.03
STD_GB_T_14492_2008,SUCCESS,11,5854,0.39
STD_GB_T_14659_2015,SUCCESS,47,60146,0.16
STD_GB_T_15170_2025,SUCCESS,14,6796,0.03
STD_GB_T_15171_2025,SUCCESS,9,5555,0.16
STD_GB_T_15814.1_2010,SUCCESS,7,5427,0.03
STD_GB_T_15814.2_1995,SUCCESS,4,2644,1.77
STD_GB_T_15814.3_1995,SUCCESS,5,3295,2.42
STD_GB_T_16265_2025,SUCCESS,9,6905,0.03
STD_GB_T_16267_2025,SUCCESS,8,5022,0.02
STD_GB_T_16425_2018,SUCCESS,5,2895,0.04
STD_GB_T_16430_2018,SUCCESS,13,6242,0.1
STD_GB_T_16483_2008,SUCCESS,12,7891,0.12
STD_GB_T_16929_2025,SUCCESS,5,3584,0.02
STD_GB_T_17449_2025,SUCCESS,7,2815,3.01
STD_GB_T_17519_2013,SUCCESS,49,42219,0.17
STD_GB_T_18096_2000,SUCCESS,4,1611,0.02
STD_GB_T_18098_2000,SUCCESS,12,8136,6.01
STD_GB_T_18927_2025,SUCCESS,8,3707,3.84
STD_GB_T_191_2025,SUCCESS,15,6731,4.8
STD_GB_T_19469_2026,SUCCESS,6,3769,0.02
STD_GB_T_19593_2026,SUCCESS,13,6517,0.98
STD_GB_T_19594_2026,SUCCESS,11,6197,0.04
STD_GB_T_19787_2025,SUCCESS,10,6426,0.03
STD_GB_T_20209_2026,SUCCESS,17,14338,0.05
STD_GB_T_20210_2026,SUCCESS,19,14564,0.21
STD_GB_T_20211_2006,SUCCESS,7,5324,0.03
STD_GB_T_20212_2026,SUCCESS,8,4012,0.02
STD_GB_T_20603_2023,SUCCESS,21,14389,0.05
STD_GB_T_20613_2026,SUCCESS,6,3846,0.03
STD_GB_T_20614_2026,SUCCESS,5,3449,0.02
STD_GB_T_20615_2026,SUCCESS,5,3874,0.02
STD_GB_T_20616_2026,SUCCESS,5,3856,0.02
STD_GB_T_20617_2026,SUCCESS,5,2745,0.02
STD_GB_T_20618_2026,SUCCESS,5,3245,0.02
STD_GB_T_21242_2019,SUCCESS,7,4565,0.05
STD_GB_T_21243_2007,SUCCESS,8,5524,0.08
STD_GB_T_21279_2007,SUCCESS,4,1593,1.36
STD_GB_T_21281_2007,SUCCESS,4,1847,1.32
STD_GB_T_21566_2008,SUCCESS,6,2753,2.34
STD_GB_T_21567_2008,SUCCESS,9,3649,3.39
STD_GB_T_21571_2008,SUCCESS,5,1951,1.82
STD_GB_T_21572_2008,SUCCESS,4,1948,1.63
STD_GB_T_21575_2008,SUCCESS,5,2332,1.94
STD_GB_T_21576_2008,SUCCESS,5,2288,1.94
STD_GB_T_21577_2008,SUCCESS,4,1974,1.63
STD_GB_T_21579_2008,SUCCESS,7,3487,2.49
STD_GB_T_21580_2008,SUCCESS,4,1865,1.54
STD_GB_T_21582_2008,SUCCESS,5,2638,2.07
STD_GB_T_21596_2008,SUCCESS,4,1749,1.54
STD_GB_T_21609_2025,SUCCESS,10,5635,0.19
STD_GB_T_21611_2008,SUCCESS,4,1348,1.36
STD_GB_T_21612_2008,SUCCESS,4,2608,1.93
STD_GB_T_21613_2008,SUCCESS,4,2225,1.74
STD_GB_T_21615_2008,SUCCESS,4,1697,1.94
STD_GB_T_21616_2008,SUCCESS,4,1555,1.61
STD_GB_T_21617_2023,SUCCESS,6,2938,2.36
STD_GB_T_21618_2008,SUCCESS,4,1875,1.54
STD_GB_T_21619_2008,SUCCESS,4,2231,1.7
STD_GB_T_21620_2008,SUCCESS,6,3013,15.46
STD_GB_T_21621_2008,SUCCESS,5,2508,1.97
STD_GB_T_21622_2008,SUCCESS,5,1639,1.7
STD_GB_T_21623_2008,SUCCESS,4,1551,1.41
STD_GB_T_21624_2008,SUCCESS,3,1158,1.12
STD_GB_T_21625_2008,SUCCESS,4,2121,1.77
STD_GB_T_21626_2008,SUCCESS,6,3481,2.64
STD_GB_T_21627_2008,SUCCESS,4,1884,1.65
STD_GB_T_21628_2008,SUCCESS,5,2724,2.31
STD_GB_T_21629_2008,SUCCESS,4,1817,1.54
STD_GB_T_21630_2008,SUCCESS,6,2771,2.63
STD_GB_T_21631_2008,SUCCESS,7,3144,2.89
STD_GB_T_21632_2008,SUCCESS,4,2279,1.9
STD_GB_T_21750_2025,SUCCESS,17,16746,0.24
STD_GB_T_21754_2025,SUCCESS,15,12170,0.04
STD_GB_T_21756_2008,SUCCESS,6,2215,0.0
STD_GB_T_21759_2025,SUCCESS,13,12393,0.04
STD_GB_T_21766_2025,SUCCESS,14,11167,0.27
STD_GB_T_21773_2025,SUCCESS,14,14232,0.05
STD_GB_T_21775_2008,SUCCESS,12,7571,5.38
STD_GB_T_21786_2025,SUCCESS,9,7605,0.03
STD_GB_T_21788_2025,SUCCESS,11,10194,0.04
STD_GB_T_21791_2008,SUCCESS,11,5490,4.85
STD_GB_T_21792_2008,SUCCESS,11,5865,4.33
STD_GB_T_21793_2025,SUCCESS,13,12329,0.04
STD_GB_T_21794_2025,SUCCESS,14,11083,0.04
STD_GB_T_21818_2025,SUCCESS,11,7796,0.19
STD_GB_T_21844_2008,SUCCESS,17,12613,7.77
STD_GB_T_21846_2008,SUCCESS,8,2443,2.88
STD_GB_T_21847_2008,SUCCESS,6,1729,1.91
STD_GB_T_21848_2008,SUCCESS,11,4278,4.19
STD_GB_T_21849_2008,SUCCESS,9,3157,3.27
STD_GB_T_21850_2008,SUCCESS,5,1508,1.78
STD_GB_T_21854_2025,SUCCESS,19,14026,0.05
STD_GB_T_21860_2008,SUCCESS,10,6831,4.84
STD_GB_T_21929_2008,SUCCESS,16,11216,7.1
STD_GB_T_22225_2008,SUCCESS,8,5772,0.1
STD_GB_T_22233_2008,SUCCESS,13,7866,5.72
STD_GB_T_22511_2017,SUCCESS,11,5205,0.08
STD_GB_T_22781_2008,SUCCESS,9,8542,0.09
STD_GB_T_22782_2008,SUCCESS,9,7480,0.09
STD_GB_T_22783_2008,SUCCESS,12,9364,0.13
STD_GB_T_22784_2008,SUCCESS,10,8782,0.11
STD_GB_T_22785_2008,SUCCESS,8,7101,0.08
STD_GB_T_22786_2008,SUCCESS,11,8406,0.11
STD_GB_T_22787_2008,SUCCESS,10,7973,0.1
STD_GB_T_22809_2008,SUCCESS,8,5210,0.07
STD_GB_T_22928_2008,SUCCESS,5,2802,0.04
STD_GB_T_23955_2009,SUCCESS,8,5130,3.77
STD_GB_T_24775_2009,SUCCESS,9,7171,0.09
STD_GB_T_24776_2009,SUCCESS,9,5759,0.07
STD_GB_T_24778_2009,SUCCESS,13,10962,0.13
STD_GB_T_25035_2010,SUCCESS,9,4777,4.02
STD_GB_T_26073_2010,SUCCESS,9,4633,0.03
STD_GB_T_26195_2010,SUCCESS,5,2576,0.02
STD_GB_T_26196_2010,SUCCESS,5,2505,0.02
STD_GB_T_26197_2010,SUCCESS,4,1633,0.01
STD_GB_T_26198_2010,SUCCESS,7,4033,0.03
STD_GB_T_261_2021,SUCCESS,21,14350,14.33
STD_GB_T_27602_2011,SUCCESS,9,4288,0.03
STD_GB_T_27835_2011,SUCCESS,5,2397,0.02
STD_GB_T_27836_2011,SUCCESS,6,3798,2.49
STD_GB_T_27837_2011,SUCCESS,6,2333,2.15
STD_GB_T_27838_2011,SUCCESS,6,2907,2.33
STD_GB_T_27839_2011,SUCCESS,6,2692,2.25
STD_GB_T_27847_2011,SUCCESS,13,5746,4.95
STD_GB_T_27848_2011,SUCCESS,13,5533,4.61
STD_GB_T_27862_2011,SUCCESS,23,14639,9.86
STD_GB_T_28885_2025,SUCCESS,19,17062,0.08
STD_GB_T_29877_2013,SUCCESS,5,3002,0.02
STD_GB_T_29878_2013,SUCCESS,4,1838,0.02
STD_GB_T_29879_2013,SUCCESS,7,4077,0.02
STD_GB_T_29880_2013,SUCCESS,4,1645,0.01
STD_GB_T_30000.31_2023,SUCCESS,11,5761,0.04
STD_GB_T_31270.18_2014,SUCCESS,9,4957,0.02
STD_GB_T_31270.19_2014,SUCCESS,10,5115,0.03
STD_GB_T_31270.20_2014,SUCCESS,8,4695,0.02
STD_GB_T_31270.21_2014,SUCCESS,10,7222,0.04
STD_GB_T_31270.3_2014,SUCCESS,9,4957,0.02
STD_GB_T_31270.6_2014,SUCCESS,8,3823,0.02
STD_GB_T_31514_2015,SUCCESS,10,3411,0.02
STD_GB_T_31516_2015,SUCCESS,8,3418,0.02
STD_GB_T_325.1_2018,SUCCESS,9,4992,4.04
STD_GB_T_325.2_2010,SUCCESS,5,3022,2.2
STD_GB_T_33679_2026,SUCCESS,6,2904,0.02
STD_GB_T_34708_2017,SUCCESS,14,9867,0.1
STD_GB_T_34710.1_2017,SUCCESS,8,7045,0.06
STD_GB_T_34710.2_2018,SUCCESS,9,7803,0.08
STD_GB_T_34710.3_2018,SUCCESS,8,6742,0.07
STD_GB_T_34714_2017,SUCCESS,11,11639,0.11
STD_GB_T_35750_2017,SUCCESS,6,2491,0.04
STD_GB_T_35756_2017,SUCCESS,11,6969,0.08
STD_GB_T_35757_2017,SUCCESS,5,1902,0.03
STD_GB_T_35760_2017,SUCCESS,8,4407,0.2
STD_GB_T_35761_2017,SUCCESS,7,2909,0.05
STD_GB_T_35929_2018,SUCCESS,8,3426,5.03
STD_GB_T_37104_2018,SUCCESS,8,3164,3.25
STD_GB_T_38040_2019,SUCCESS,11,6735,0.08
STD_GB_T_38141_2019,SUCCESS,9,6337,0.08
STD_GB_T_38229_2019,SUCCESS,8,3529,0.06
STD_GB_T_38298_2019,SUCCESS,5,2606,0.04
STD_GB_T_38301_2019,SUCCESS,13,6431,0.33
STD_GB_T_38316_2019,SUCCESS,7,3050,0.05
STD_GB_T_38721_2020,SUCCESS,12,7181,0.09
STD_GB_T_39090_2020,SUCCESS,11,5786,0.07
STD_GB_T_39093_2020,SUCCESS,10,5314,0.07
STD_GB_T_39996_2021,SUCCESS,8,6774,0.07
STD_GB_T_40640.1_2021,SUCCESS,38,27930,0.37
STD_GB_T_40640.2_2021,SUCCESS,10,7006,0.1
STD_GB_T_40640.3_2021,SUCCESS,12,8218,0.1
STD_GB_T_40640.4_2021,SUCCESS,8,5042,0.22
STD_GB_T_40640.5_2021,SUCCESS,14,8350,0.12
STD_GB_T_41644_2022,SUCCESS,28,16787,0.38
STD_GB_T_41693_2022,SUCCESS,11,3288,0.04
STD_GB_T_41774_2022,SUCCESS,7,3462,0.18
STD_GB_T_41775_2022,SUCCESS,11,6784,0.21
STD_GB_T_41777_2022,SUCCESS,10,6103,0.07
STD_GB_T_42368_2023,SUCCESS,14,10195,0.08
STD_GB_T_43545_2023,SUCCESS,10,6212,0.03
STD_GB_T_44165.7_2025,SUCCESS,24,18018,1.55
STD_GB_T_44165.8_2025,SUCCESS,11,5895,0.33
STD_GB_T_44165.9_2025,SUCCESS,10,5677,0.03
STD_GB_T_44394_2024,SUCCESS,12,7796,0.03
STD_GB_T_44706_2024,SUCCESS,13,8822,0.03
STD_GB_T_44707_2024,SUCCESS,10,10441,0.03
STD_GB_T_44708_2024,SUCCESS,16,13789,0.04
STD_GB_T_45215_2025,SUCCESS,8,3770,0.15
STD_GB_T_45216_2025,SUCCESS,8,3258,0.16
STD_GB_T_45217_2025,SUCCESS,8,3474,0.14
STD_GB_T_45218_2025,SUCCESS,9,3997,0.15
STD_GB_T_45219_2025,SUCCESS,11,5626,0.15
STD_GB_T_45237_2025,SUCCESS,10,4855,0.16
STD_GB_T_45451.1_2025,SUCCESS,11,4316,3.71
STD_GB_T_45453_2025,SUCCESS,14,6601,5.4
STD_GB_T_45456_2025,SUCCESS,7,3186,0.19
STD_GB_T_45638_2025,SUCCESS,18,11483,7.72
STD_GB_T_45702_2025,SUCCESS,65,53456,0.2
STD_GB_T_45911_2025,SUCCESS,10,6806,0.03
STD_GB_T_46136_2025,SUCCESS,22,21901,0.07
STD_GB_T_46140_2025,SUCCESS,17,15418,0.05
STD_GB_T_46144_2025,SUCCESS,19,12507,0.06
STD_GB_T_46250_2025,SUCCESS,18,10696,0.05
STD_GB_T_46549_2025,SUCCESS,16,9627,0.21
STD_GB_T_46908_2025,SUCCESS,29,19269,15.6
STD_GB_T_47163_2026,SUCCESS,6,3301,0.02
STD_GB_T_47164_2026,SUCCESS,13,8230,0.03
STD_GB_T_47167_2026,SUCCESS,16,8804,0.04
STD_GB_T_47168_2026,SUCCESS,15,9393,0.72
STD_GB_T_47169_2026,SUCCESS,10,5200,0.53
STD_GB_T_47170_2026,SUCCESS,11,5972,0.56
STD_GB_T_47171_2026,SUCCESS,12,6032,0.66
STD_GB_T_47172_2026,SUCCESS,11,5408,0.03
STD_GB_T_47173_2026,SUCCESS,15,8497,1.23
STD_GB_T_47287_2026,SUCCESS,8,5226,0.02
STD_GB_T_47320_2026,SUCCESS,11,7397,0.28
STD_GB_T_47394_2026,SUCCESS,24,16944,0.06
STD_GB_T_47548_2026,SUCCESS,34,35524,0.24
STD_GB_T_51455_2023,SUCCESS,196,117041,0.84
STD_GB_T_51474_2025,SUCCESS,111,61060,66.74
STD_GB_T_5332_2007,SUCCESS,14,5059,4.43
STD_GB_T_6543_2025,SUCCESS,20,10645,0.84
STD_GB_T_803_2008,SUCCESS,9,4006,3.31
STD_HG_2823_1997,SUCCESS,9,2885,0.63
STD_HG_T_20660_2017,SUCCESS,90,106016,1.19
STD_JT_T_1123_2017,SUCCESS,9,4526,4.71
STD_SN_T_0306.1_2024,SUCCESS,6,3070,0.04
STD_SN_T_0306.2_2024,SUCCESS,6,3292,0.02
STD_SN_T_0306.3_2024,SUCCESS,8,4657,0.02
STD_SN_T_0306.4_2024,SUCCESS,7,5436,0.02
STD_SN_T_0306.5_2024,SUCCESS,7,1938,0.27
STD_SN_T_0306.6_2024,SUCCESS,14,12416,0.06
STD_SN_T_0324_2014,SUCCESS,7,3263,3.53
STD_SN_T_0370.1_2009,SUCCESS,21,18607,10.18
STD_SN_T_0370.2_2009,SUCCESS,12,9014,6.05
STD_SN_T_0370.3_2012,SUCCESS,8,5143,3.41
STD_SN_T_0760.1_2017,SUCCESS,6,2675,2.72
STD_SN_T_0761.1_2011,SUCCESS,16,8835,6.27
STD_SN_T_0761.3_2011,SUCCESS,15,8401,0.54
STD_SN_T_0893_2000,SUCCESS,8,4569,6.43
STD_SN_T_0987.1_2013,SUCCESS,12,6949,5.8
STD_SN_T_0987.2_2014,SUCCESS,9,5301,4.61
STD_SN_T_0987.4_2013,SUCCESS,9,5867,4.81
STD_SN_T_0987.5_2013,SUCCESS,7,3721,3.53
STD_SN_T_0987.6_2013,SUCCESS,9,4805,3.28
STD_SN_T_0987.7_2013,SUCCESS,6,3601,2.7
STD_SN_T_0987.8_2013,SUCCESS,8,5837,4.2
STD_SN_T_1027_2015,SUCCESS,7,3087,3.08
STD_SN_T_1651_2017,SUCCESS,10,4701,4.8
STD_SN_T_1725_2006,SUCCESS,23,13589,10.03
STD_SN_T_1726_2015,SUCCESS,5,2047,2.35
STD_SN_T_1727_2006,SUCCESS,9,5277,4.11
STD_SN_T_1730.10_2014,SUCCESS,6,3005,2.79
STD_SN_T_1730.1_2006,SUCCESS,4,1773,2.11
STD_SN_T_1730.2_2006,SUCCESS,3,1386,1.67
STD_SN_T_1730.3_2006,SUCCESS,3,1181,1.56
STD_SN_T_1730.4_2006,SUCCESS,3,1402,1.61
STD_SN_T_1730.5_2006,SUCCESS,4,1482,1.6
STD_SN_T_1730.6_2006,SUCCESS,3,1022,1.62
STD_SN_T_1730.7_2006,SUCCESS,4,1255,2.07
STD_SN_T_1730.9_2014,SUCCESS,4,1635,1.75
STD_SN_T_1731.11_2014,SUCCESS,6,2884,2.88
STD_SN_T_1731.12_2014,SUCCESS,8,2168,3.39
STD_SN_T_1731.1_2006,SUCCESS,5,1758,1.71
STD_SN_T_1731.2_2015,SUCCESS,6,2349,2.72
STD_SN_T_1731.3_2006,SUCCESS,5,2118,1.97
STD_SN_T_1731.4_2006,SUCCESS,6,4295,2.99
STD_SN_T_1731.5_2006,SUCCESS,6,2260,2.05
STD_SN_T_1731.6_2006,SUCCESS,6,2165,2.08
STD_SN_T_1731.7_2006,SUCCESS,5,1629,1.63
STD_SN_T_1731.8_2006,SUCCESS,5,1832,1.58
STD_SN_T_1828.10_2019,SUCCESS,5,2939,42.23
STD_SN_T_1828.11_2019,SUCCESS,5,2667,3.26
STD_SN_T_1828.12_2019,SUCCESS,9,4197,14.21
STD_SN_T_1828.13_2019,SUCCESS,5,2995,3.36
STD_SN_T_1828.14_2006,SUCCESS,9,6109,4.57
STD_SN_T_1828.15_2016,SUCCESS,6,2956,2.63
STD_SN_T_1828.16_2019,SUCCESS,7,3357,0.24
STD_SN_T_1828.17_2013,SUCCESS,12,9317,6.31
STD_SN_T_1828.1_2017,SUCCESS,7,4926,3.85
STD_SN_T_1828.2_2019,SUCCESS,14,11012,10.86
STD_SN_T_1828.3_2019,SUCCESS,12,9841,8.99
STD_SN_T_1828.4_2013,SUCCESS,5,3036,2.55
STD_SN_T_1828.5_2019,SUCCESS,5,2866,0.07
STD_SN_T_1828.6_2019,SUCCESS,5,2605,42.34
STD_SN_T_1828.7_2013,SUCCESS,5,2114,2.24
STD_SN_T_1828.8_2019,SUCCESS,23,13995,9.38
STD_SN_T_1828.9_2019,SUCCESS,7,4578,4.81
STD_SN_T_1935.1_2007,SUCCESS,10,7115,4.42
STD_SN_T_1935.2_2007,SUCCESS,6,3849,2.4
STD_SN_T_1935.3_2007,SUCCESS,8,6130,3.72
STD_SN_T_1936.1_2007,SUCCESS,11,7271,4.7
STD_SN_T_1936.2_2007,SUCCESS,6,3581,2.33
STD_SN_T_1936.3_2007,SUCCESS,6,3060,2.17
STD_SN_T_2164_2008,SUCCESS,12,6314,0.75
STD_SN_T_2165_2008,SUCCESS,5,2335,0.04
STD_SN_T_2166_2008,SUCCESS,6,3406,0.06
STD_SN_T_2167_2008,SUCCESS,6,3059,0.06
STD_SN_T_2168_2008,SUCCESS,6,3445,0.06
STD_SN_T_2170_2008,SUCCESS,6,2919,0.05
STD_SN_T_2171_2008,SUCCESS,5,1713,0.04
STD_SN_T_2173_2008,SUCCESS,5,2606,0.05
STD_SN_T_2174_2008,SUCCESS,5,1843,0.04
STD_SN_T_2175_2008,SUCCESS,5,2144,0.05
STD_SN_T_2176_2008,SUCCESS,4,1471,0.03
STD_SN_T_2240_2008,SUCCESS,6,2515,0.05
STD_SN_T_2244_2009,SUCCESS,6,2937,2.42
STD_SN_T_2361.1_2009,SUCCESS,6,3733,2.92
STD_SN_T_2361.2_2009,SUCCESS,10,6300,5.13
STD_SN_T_2414.1_2010,SUCCESS,12,8570,0.1
STD_SN_T_2414.2_2010,SUCCESS,13,8927,6.33
STD_SN_T_2498.1_2010,SUCCESS,5,2645,0.04
STD_SN_T_2498.2_2010,SUCCESS,4,1233,0.03
STD_SN_T_2502_2010,SUCCESS,8,4568,0.06
STD_SN_T_2543_2010,SUCCESS,8,5398,0.07
STD_SN_T_2834_2011,SUCCESS,13,9412,0.14
STD_SN_T_2836_2011,SUCCESS,6,2921,0.06
STD_SN_T_2880_2011,SUCCESS,7,2703,0.06
STD_SN_T_2902_2011,SUCCESS,5,1441,0.04
STD_SN_T_3056.11_2011,SUCCESS,9,5874,4.13
STD_SN_T_3056.13_2011,SUCCESS,8,4187,3.44
STD_SN_T_3056.14_2011,SUCCESS,8,4370,3.37
STD_SN_T_3056.15_2011,SUCCESS,9,5429,4.09
STD_SN_T_3056.6_2011,SUCCESS,8,4469,3.43
STD_SN_T_3056.7_2011,SUCCESS,9,5329,4.06
STD_SN_T_3057.1_2011,SUCCESS,7,2622,2.68
STD_SN_T_3057.2_2011,SUCCESS,8,3245,3.06
STD_SN_T_3057.3_2013,SUCCESS,6,2033,2.4
STD_SN_T_3057.4_2013,SUCCESS,5,1806,1.93
STD_SN_T_3060_2011,SUCCESS,18,14151,9.39
STD_SN_T_3078.2_2015,SUCCESS,7,4825,3.52
STD_SN_T_3083.2_2012,SUCCESS,12,10027,6.74
STD_SN_T_3083.3_2017,SUCCESS,7,3717,3.24
STD_SN_T_3203_2012,SUCCESS,22,17214,10.97
STD_SN_T_3204_2012,SUCCESS,15,9338,7.16
STD_SN_T_3205_2012,SUCCESS,19,11269,9.08
STD_SN_T_3206_2012,SUCCESS,17,10495,7.96
STD_SN_T_3207_2012,SUCCESS,19,12875,9.33
STD_SN_T_3208_2012,SUCCESS,30,28664,16.65
STD_SN_T_3209_2012,SUCCESS,29,25892,16.42
STD_SN_T_3210_2012,SUCCESS,20,16382,10.36
STD_SN_T_3211_2012,SUCCESS,18,9957,8.01
STD_SN_T_3212_2012,SUCCESS,18,11190,8.54
STD_SN_T_3213_2012,SUCCESS,21,14940,10.94
STD_SN_T_3214_2012,SUCCESS,26,26888,13.01
STD_SN_T_3215_2012,SUCCESS,83,83390,44.22
STD_SN_T_3216_2012,SUCCESS,24,19092,11.21
STD_SN_T_3217_2012,SUCCESS,18,12086,7.6
STD_SN_T_3221_2012,SUCCESS,25,12445,9.08
STD_SN_T_3522_2013,SUCCESS,15,8823,7.6
STD_SN_T_3629_2013,SUCCESS,5,1813,2.0
STD_SN_T_3656.1_2013,SUCCESS,23,9149,9.85
STD_SN_T_3656.2_2013,SUCCESS,18,8343,8.39
STD_SN_T_3656.3_2013,SUCCESS,19,7873,8.19
STD_SN_T_3656.5_2013,SUCCESS,27,12807,12.96
STD_SN_T_3656.6_2013,SUCCESS,31,12790,13.44
STD_SN_T_3735_2013,SUCCESS,8,2985,2.33
STD_SN_T_4149_2015,SUCCESS,7,4687,5.22
STD_SN_T_4185_2015,SUCCESS,17,12008,11.19
STD_SN_T_4186_2015,SUCCESS,16,10308,7.92
STD_SN_T_4187_2015,SUCCESS,16,10810,7.87
STD_SN_T_4188_2015,SUCCESS,25,19020,13.27
STD_SN_T_4189_2015,SUCCESS,18,12576,9.39
STD_SN_T_4190_2015,SUCCESS,16,9541,9.24
STD_SN_T_4191_2015,SUCCESS,17,10636,8.29
STD_SN_T_4192_2015,SUCCESS,19,15133,10.37
STD_SN_T_4193_2015,SUCCESS,16,10456,8.15
STD_SN_T_4194_2015,SUCCESS,18,11799,9.15
STD_SN_T_4195_2015,SUCCESS,17,11513,8.78
STD_SN_T_4196_2015,SUCCESS,16,10323,7.69
STD_SN_T_4197_2015,SUCCESS,17,11753,8.48
STD_SN_T_4198_2015,SUCCESS,16,10597,8.02
STD_SN_T_4199_2015,SUCCESS,16,10438,8.09
STD_SN_T_4200_2015,SUCCESS,16,9358,7.52
STD_SN_T_4201_2015,SUCCESS,17,10700,8.27
STD_SN_T_4202_2015,SUCCESS,16,9927,7.72
STD_SN_T_4203_2015,SUCCESS,17,11122,8.4
STD_SN_T_4204_2015,SUCCESS,17,12294,8.88
STD_SN_T_4205_2015,SUCCESS,16,9843,7.64
STD_SN_T_4206_2015,SUCCESS,16,10209,7.86
STD_SN_T_4207_2015,SUCCESS,16,9612,7.7
STD_SN_T_4208_2015,SUCCESS,17,11715,8.68
STD_SN_T_4209_2015,SUCCESS,16,11257,8.3
STD_SN_T_4210_2015,SUCCESS,16,9902,7.9
STD_SN_T_4211_2015,SUCCESS,18,12771,9.45
STD_SN_T_4212_2015,SUCCESS,16,10582,7.97
STD_SN_T_4213_2015,SUCCESS,17,11054,8.61
STD_SN_T_4214_2015,SUCCESS,16,10394,7.94
STD_SN_T_4215_2015,SUCCESS,16,10999,8.35
STD_SN_T_4216_2015,SUCCESS,19,12477,9.58
STD_SN_T_4217_2015,SUCCESS,16,9919,7.78
STD_SN_T_4218_2015,SUCCESS,18,11784,9.18
STD_SN_T_4219_2015,SUCCESS,17,11716,8.78
STD_SN_T_4220_2015,SUCCESS,16,10264,7.9
STD_SN_T_4221_2015,SUCCESS,18,13833,11.34
STD_SN_T_4222_2015,SUCCESS,20,15083,10.57
STD_SN_T_4223_2015,SUCCESS,18,11629,11.11
STD_SN_T_4224_2015,SUCCESS,17,12073,9.05
STD_SN_T_4225_2015,SUCCESS,25,17875,12.11
STD_SN_T_4226_2015,SUCCESS,16,9794,8.08
STD_SN_T_4227_2015,SUCCESS,16,10448,10.47
STD_SN_T_4228_2015,SUCCESS,16,10025,9.18
STD_SN_T_4229_2015,SUCCESS,16,10520,10.41
STD_SN_T_4469_2016,SUCCESS,18,11192,8.89
STD_SN_T_4470_2016,SUCCESS,19,11571,8.92
STD_SN_T_4471_2016,SUCCESS,19,11267,8.45
STD_SN_T_4472_2016,SUCCESS,19,11333,8.64
STD_SN_T_4473_2016,SUCCESS,18,11255,8.39
STD_SN_T_4474_2016,SUCCESS,19,11156,8.49
STD_SN_T_4475_2016,SUCCESS,18,10928,8.23
STD_SN_T_4476_2016,SUCCESS,17,9951,7.71
STD_SN_T_4477_2016,SUCCESS,18,10674,8.03
STD_SN_T_4478_2016,SUCCESS,24,13354,11.43
STD_SN_T_4608_2016,SUCCESS,14,6756,5.9
STD_SN_T_4787_2017,SUCCESS,11,6324,5.13
STD_SN_T_4854_2017,SUCCESS,18,11092,8.02
STD_SN_T_4855_2017,SUCCESS,17,11283,7.79
STD_SN_T_4856_2017,SUCCESS,16,9886,6.95
STD_SN_T_4897_2017,SUCCESS,8,4248,3.36
STD_SN_T_4898_2017,SUCCESS,9,4147,3.6
STD_SN_T_5273_2020,SUCCESS,9,3722,2.53
STD_SY_5436_2016,SUCCESS,10,7028,4.8
STD_SY_5857_2013,SUCCESS,26,14856,8.62
STD_SY_6501_2010,SUCCESS,8,3492,2.78
STD_SY_T_5497_2018,SUCCESS,534,672399,416.19
STD_SY_T_5857_2025,SUCCESS,19,14974,15.84
STD_SY_T_6273_2024,SUCCESS,34,19809,13.31
STD_SY_T_6515_2010,SUCCESS,10,6569,4.31
STD_SY_T_6753_2023,SUCCESS,21,12133,7.77
STD_SY_T_7433_2018,SUCCESS,6,2116,2.17
STD_SY_T_7676_2022,SUCCESS,14,6243,4.45
STD_T_CCSAS_022_2022,SUCCESS,17,13499,0.1
STD_T_CCSAS_047_2023,SUCCESS,15,6388,1.37
STD_T_CCSAS_048_2023,SUCCESS,11,4753,0.33
STD_T_CCSAS_055_2025,SUCCESS,16,10376,0.18
STD_T_CCSAS_057_2025,SUCCESS,21,17451,0.08
STD_WJ_T_9085_2024,SUCCESS,37,24454,0.32
STD_WJ_T_9103_2024,SUCCESS,4,1787,0.01
STD_WJ_T_9104_2024,SUCCESS,4,1230,0.15
STD_WJ_T_9105_2024,SUCCESS,7,2096,0.01
STD_WJ_T_9106_2024,SUCCESS,22,15788,0.13
STD_XF_T_536.1_2013,SUCCESS,8,4278,3.38
STD_XF_T_536.2_2005,SUCCESS,5,1738,1.64
STD_XF_T_536.3_2005,SUCCESS,6,2917,2.37
STD_XF_T_536.4_2005,SUCCESS,5,1942,1.66
STD_XF_T_536.5_2005,SUCCESS,5,2109,1.71
STD_XF_T_536.6_2010,SUCCESS,10,4191,3.98
STD_YB_T_4490_2015,SUCCESS,8,4598,3.82
