doc_id,status,error
REG_ZV9X00FC1CC7BB445E4D,ERROR,"(PreconditionNotMet) Tensor holds no memory. Call Tensor::mutable_data firstly.
  [Hint: holder_ should not be null.] (at /paddle/paddle/phi/core/dense_tensor_impl.cc:44)
"
REG_ZV9X02428853F97D6D50,ERROR,'doc_type'
REG_ZV9X02CDBFD16766BC3E,ERROR,'doc_type'
REG_ZV9X02F176B7F9E9FA54,ERROR,'doc_type'
REG_ZV9X05AD86D78806AB69,ERROR,'doc_type'
REG_ZV9X0676B53ED0F60C33,ERROR,'doc_type'
REG_ZV9X06B8233AC71217FD,ERROR,'doc_type'
REG_ZV9X07229D5346247C03,ERROR,'doc_type'
REG_ZV9X080F189EB419804A,ERROR,'doc_type'
REG_ZV9X0856CD1474AAD7BC,ERROR,'doc_type'
REG_ZV9X0857F8F1CDA2EF78,ERROR,'doc_type'
REG_ZV9X09ADA20299EF5050,ERROR,'doc_type'
REG_ZV9X0CCF08456F08909F,ERROR,'doc_type'
REG_ZV9X0F62DF038E7E5AB8,ERROR,'doc_type'
REG_ZV9X11FAD074A9180C4B,ERROR,'doc_type'
REG_ZV9X127916ADF022B480,ERROR,'doc_type'
REG_ZV9X12D6C764D4878609,ERROR,'doc_type'
REG_ZV9X1563FC4CB650E9C3,ERROR,'doc_type'
REG_ZV9X16761639490F4B82,ERROR,'doc_type'
REG_ZV9X18DB30DE30E93630,ERROR,'doc_type'
REG_ZV9X19EC7847C07146A0,ERROR,'doc_type'
REG_ZV9X1A2C66B9F32A011F,ERROR,'doc_type'
REG_ZV9X1A2D4D5C6F4EE8A6,ERROR,'doc_type'
REG_ZV9X1A3E23D3906A31A6,ERROR,'doc_type'
REG_ZV9X1A6957B5D41F50AB,ERROR,'doc_type'
REG_ZV9X1B65E9531BD91AD0,ERROR,'doc_type'
REG_ZV9X1C114D13059828F5,ERROR,'doc_type'
REG_ZV9X1C8C1B521FCD888A,ERROR,'doc_type'
REG_ZV9X1ED8BEA47DE6210A,ERROR,'doc_type'
REG_ZV9X1F4536AFB065916B,ERROR,'doc_type'
REG_ZV9X1F939DB9B8A87592,ERROR,'doc_type'
REG_ZV9X20A359F8A1E41495,ERROR,'doc_type'
REG_ZV9X2671DE997273B7E0,ERROR,'doc_type'
REG_ZV9X2AA3061D479F4BF6,ERROR,"(PreconditionNotMet) Tensor holds no memory. Call Tensor::mutable_data firstly.
  [Hint: holder_ should not be null.] (at /paddle/paddle/phi/core/dense_tensor_impl.cc:44)
"
REG_ZV9X2C43898BB6C88E64,ERROR,'doc_type'
REG_ZV9X2E96F58FA2D43006,ERROR,'doc_type'
REG_ZV9X306A48649D3FDB3F,ERROR,'doc_type'
REG_ZV9X31B908EF1148E760,ERROR,'doc_type'
REG_ZV9X32BDFFFCA1EC940D,ERROR,'doc_type'
REG_ZV9X338642AA6337C8C6,ERROR,'doc_type'
REG_ZV9X33D58C06264D2184,ERROR,'doc_type'
REG_ZV9X363667E953B420B6,ERROR,'doc_type'
REG_ZV9X387639AAA4BB9610,ERROR,'doc_type'
REG_ZV9X397BBCE0C9CEE6B6,ERROR,'doc_type'
REG_ZV9X39B1403F89D92F10,ERROR,'doc_type'
REG_ZV9X3B109A2BEBB1C097,ERROR,'doc_type'
REG_ZV9X3B26E8E154C7FBB1,ERROR,'doc_type'
REG_ZV9X3B801CEEF13E6D10,ERROR,'doc_type'
REG_ZV9X3C7B2E5CCCEDD1D8,ERROR,'doc_type'
REG_ZV9X3DDF65C83DD7CA85,ERROR,'doc_type'
REG_ZV9X40E5FE9FE95FA526,ERROR,'doc_type'
REG_ZV9X41A1621C57C100BA,ERROR,'doc_type'
REG_ZV9X42E9E5F00F1AB620,ERROR,'doc_type'
REG_ZV9X43915227BD2CDB4A,ERROR,'doc_type'
REG_ZV9X43A81C637440F8CE,ERROR,'doc_type'
REG_ZV9X4733BC3DE6B6AF2C,ERROR,'doc_type'
REG_ZV9X47C586E7EB20F444,ERROR,'doc_type'
REG_ZV9X48D87D0E5D79D822,ERROR,'doc_type'
REG_ZV9X497B8864095AAAEE,ERROR,'doc_type'
REG_ZV9X49ED3DB8F163DE2F,ERROR,"(PreconditionNotMet) Tensor holds no memory. Call Tensor::mutable_data firstly.
  [Hint: holder_ should not be null.] (at /paddle/paddle/phi/core/dense_tensor_impl.cc:44)
"
REG_ZV9X4A40E2EB47D2C966,ERROR,'doc_type'
REG_ZV9X4A51E8EA4915B794,ERROR,'doc_type'
REG_ZV9X4B1B9C94D7911BAF,ERROR,'doc_type'
REG_ZV9X4BBCE8E3B4E03C2F,ERROR,'doc_type'
REG_ZV9X4CB13DB0DFAA2426,ERROR,'doc_type'
REG_ZV9X4E31AA079E7920DB,ERROR,'doc_type'
REG_ZV9X4E3AB134DD15913C,ERROR,'doc_type'
REG_ZV9X4E59E525EC1452EA,ERROR,'doc_type'
REG_ZV9X4E8F9D58E37259DF,ERROR,'doc_type'
REG_ZV9X5163C9A3D424767E,ERROR,'doc_type'
REG_ZV9X526498E1DB07E750,ERROR,'doc_type'
REG_ZV9X535306F2B6CD0332,ERROR,'doc_type'
REG_ZV9X535F211D1314B1ED,ERROR,'doc_type'
REG_ZV9X54EE851F54E97139,ERROR,'doc_type'
REG_ZV9X554B1289EEA3E6F2,ERROR,'doc_type'
REG_ZV9X5613EA333A8CEF10,ERROR,'doc_type'
REG_ZV9X56A56A00A6101CE2,ERROR,'doc_type'
REG_ZV9X58DFEDD726CFE4A3,ERROR,'doc_type'
REG_ZV9X5C5679B9E68E7DA0,ERROR,'doc_type'
REG_ZV9X5C87101D95343D5E,ERROR,'doc_type'
REG_ZV9X5D346EEC4CB80A3A,ERROR,'doc_type'
REG_ZV9X5D57F983894D1A96,ERROR,'doc_type'
REG_ZV9X5ED69E82C1768718,ERROR,'doc_type'
REG_ZV9X5FB52F66AA6435BB,ERROR,'doc_type'
REG_ZV9X5FDA103BC23A3E97,ERROR,'doc_type'
REG_ZV9X60C646B26E8A90A3,ERROR,'doc_type'
REG_ZV9X60C94B237E9BA485,ERROR,'doc_type'
REG_ZV9X621EE4D64614B22B,ERROR,'doc_type'
REG_ZV9X62DFB93D8CAB3D58,ERROR,'doc_type'
REG_ZV9X6341690E22927304,ERROR,'doc_type'
REG_ZV9X634E30AC4DB8D9AC,ERROR,'doc_type'
REG_ZV9X639BC96441E90FA4,ERROR,'doc_type'
REG_ZV9X63CDF4933B1E78BE,ERROR,'doc_type'
REG_ZV9X6A5D4204A77FDBD1,ERROR,"(PreconditionNotMet) Tensor holds no memory. Call Tensor::mutable_data firstly.
  [Hint: holder_ should not be null.] (at /paddle/paddle/phi/core/dense_tensor_impl.cc:44)
"
REG_ZV9X6B90E3A2A82744DF,ERROR,'doc_type'
REG_ZV9X6C9E5B4B31DACBCF,ERROR,'doc_type'
REG_ZV9X6DCA00600E3EC73D,ERROR,"(PreconditionNotMet) Tensor holds no memory. Call Tensor::mutable_data firstly.
  [Hint: holder_ should not be null.] (at /paddle/paddle/phi/core/dense_tensor_impl.cc:44)
"
REG_ZV9X6E0A476950011110,ERROR,'doc_type'
REG_ZV9X6E5B2598DA2BF2A4,ERROR,'doc_type'
REG_ZV9X6F3558F9ADCA2DE8,ERROR,'doc_type'
REG_ZV9X6F402FED7FCD685C,ERROR,'doc_type'
REG_ZV9X6F85EC63114C3AB4,ERROR,'doc_type'
REG_ZV9X715514F775C68233,ERROR,"(PreconditionNotMet) Tensor holds no memory. Call Tensor::mutable_data firstly.
  [Hint: holder_ should not be null.] (at /paddle/paddle/phi/core/dense_tensor_impl.cc:44)
"
REG_ZV9X7178E442C42A3FD7,ERROR,'doc_type'
REG_ZV9X71FC35571A129E0D,ERROR,'doc_type'
REG_ZV9X720B604B93D4AFBF,ERROR,'doc_type'
REG_ZV9X74F99B75637AB80B,ERROR,'doc_type'
REG_ZV9X758906AFAFE33A97,ERROR,'doc_type'
REG_ZV9X768F128A54A34D4E,ERROR,'doc_type'
REG_ZV9X7AD2F0096FC8C004,ERROR,'doc_type'
REG_ZV9X7B4D5460CD0CFDA6,ERROR,'doc_type'
REG_ZV9X7E762E4432F57F62,ERROR,'doc_type'
REG_ZV9X801BE14C55CA388C,ERROR,'doc_type'
REG_ZV9X816A5F22547158E1,ERROR,'doc_type'
REG_ZV9X81CF899DAE3A639C,ERROR,'doc_type'
REG_ZV9X8200A8D8F88A1B32,ERROR,'doc_type'
REG_ZV9X8247F74E8D47545A,ERROR,'doc_type'
REG_ZV9X8302E29747C5EF76,ERROR,"(PreconditionNotMet) Tensor holds no memory. Call Tensor::mutable_data firstly.
  [Hint: holder_ should not be null.] (at /paddle/paddle/phi/core/dense_tensor_impl.cc:44)
"
REG_ZV9X841FE9B98C36FAD0,ERROR,'doc_type'
REG_ZV9X86882DA03C87C997,ERROR,'doc_type'
REG_ZV9X8705CB7A7ABBCF60,ERROR,'doc_type'
REG_ZV9X87371ECCEFEE1A5F,ERROR,'doc_type'
REG_ZV9X87A9D5CC54080A9C,ERROR,'doc_type'
REG_ZV9X8870200536AB3E78,ERROR,'doc_type'
REG_ZV9X898531CB51D12E65,ERROR,'doc_type'
REG_ZV9X8994660056BC555B,ERROR,'doc_type'
REG_ZV9X8A21C86DA2128F4E,ERROR,'doc_type'
REG_ZV9X8A28E9EF1408F6DB,ERROR,'doc_type'
REG_ZV9X8A64A3E913A5A5CB,ERROR,'doc_type'
REG_ZV9X8B08E5B55E90A005,ERROR,'doc_type'
REG_ZV9X8B97A977504A20F5,ERROR,'doc_type'
REG_ZV9X8BB158B4E70CFBAF,ERROR,'doc_type'
REG_ZV9X8C6805468B99FD91,ERROR,'doc_type'
REG_ZV9X8CDB83589566EC6A,ERROR,'doc_type'
REG_ZV9X8D941BA76EB2DF6D,ERROR,'doc_type'
REG_ZV9X8E1FBC447FAA2D5C,ERROR,'doc_type'
REG_ZV9X8F1D35B1CF436C5D,ERROR,'doc_type'
REG_ZV9X903B452B62F73BC7,ERROR,'doc_type'
REG_ZV9X9134DC143B96ED9B,ERROR,'doc_type'
REG_ZV9X919DE589D57AFEFE,ERROR,'doc_type'
REG_ZV9X91A2F2CE9064653D,ERROR,'doc_type'
REG_ZV9X91AA926FBEFCCC0E,ERROR,'doc_type'
REG_ZV9X925D94A35D5EE686,ERROR,'doc_type'
REG_ZV9X927FBCC62B8A256D,ERROR,'doc_type'
REG_ZV9X9370C64A88F6295A,ERROR,'doc_type'
REG_ZV9X944BDC9825EB497D,ERROR,'doc_type'
REG_ZV9X949176951B6F0898,ERROR,'doc_type'
REG_ZV9X953B21F6B6E007B0,ERROR,'doc_type'
REG_ZV9X960C8AAA5DF38EB6,ERROR,'doc_type'
REG_ZV9X97C51B2FE953E368,ERROR,'doc_type'
REG_ZV9X991E107D954EC8E8,ERROR,'doc_type'
REG_ZV9X99C2F2FCD7F2C32A,ERROR,'doc_type'
REG_ZV9X9A630A575638A503,ERROR,'doc_type'
REG_ZV9X9AAF8848FA63A27C,ERROR,'doc_type'
REG_ZV9X9B964B7678A192D9,ERROR,'doc_type'
REG_ZV9X9DF2BA883BCCE675,ERROR,"(PreconditionNotMet) Tensor holds no memory. Call Tensor::mutable_data firstly.
  [Hint: holder_ should not be null.] (at /paddle/paddle/phi/core/dense_tensor_impl.cc:44)
"
REG_ZV9X9EC3D6656CD52534,ERROR,'doc_type'
REG_ZV9XA37E3353ACEF720F,ERROR,'doc_type'
REG_ZV9XA395E3B5FE6E401A,ERROR,index 23 is out of bounds for axis 0 with size 23
REG_ZV9XA3F9B811920E5E7F,ERROR,'doc_type'
REG_ZV9XA60206A050596C84,ERROR,'doc_type'
REG_ZV9XA68F6E7FADF5A2EC,ERROR,'doc_type'
REG_ZV9XA773A92B1DDD79B1,ERROR,'doc_type'
REG_ZV9XA8972C30D4DA7349,ERROR,'doc_type'
REG_ZV9XA9749B4A463CC3FA,ERROR,'doc_type'
REG_ZV9XA999551F9142FE7C,ERROR,'doc_type'
REG_ZV9XABB99003B428EB28,ERROR,'doc_type'
REG_ZV9XAD117E4F7AC31E64,ERROR,'doc_type'
REG_ZV9XAD7F47D312F367A6,ERROR,'doc_type'
REG_ZV9XAF2074D66A437588,ERROR,'doc_type'
REG_ZV9XAF5EEC3FEC174A57,ERROR,'doc_type'
REG_ZV9XAFF63BDCFA53C5FD,ERROR,'doc_type'
REG_ZV9XB1504EDC866AD830,ERROR,'doc_type'
REG_ZV9XB180DEC272F7B031,ERROR,'doc_type'
REG_ZV9XB2B949CC364B19E6,ERROR,'doc_type'
REG_ZV9XB2ED024554855548,ERROR,'doc_type'
REG_ZV9XB37139FC1BC4CE7A,ERROR,'doc_type'
REG_ZV9XB3FE86E131EE0ADA,ERROR,'doc_type'
REG_ZV9XB4A0A5EAA51354B3,ERROR,'doc_type'
REG_ZV9XB6A900B3F462678D,ERROR,'doc_type'
REG_ZV9XB71A745B6DD0CABF,ERROR,'doc_type'
REG_ZV9XB8312B6B2644116A,ERROR,'doc_type'
REG_ZV9XBB0264B8C4845313,ERROR,'doc_type'
REG_ZV9XBB069001346365D5,ERROR,'doc_type'
REG_ZV9XBC775342F5E5399B,ERROR,'doc_type'
REG_ZV9XC02B6BA12F26BEE6,ERROR,'doc_type'
REG_ZV9XC0C183BEA03C5AB3,ERROR,'doc_type'
REG_ZV9XC24312DB82ECBF86,ERROR,"(PreconditionNotMet) Tensor holds no memory. Call Tensor::mutable_data firstly.
  [Hint: holder_ should not be null.] (at /paddle/paddle/phi/core/dense_tensor_impl.cc:44)
"
REG_ZV9XC2BE6F2BBB429D17,ERROR,'doc_type'
REG_ZV9XC512A8B8FE3DF3D4,ERROR,'doc_type'
REG_ZV9XC57E24C6E8E19119,ERROR,'doc_type'
REG_ZV9XC679945B5BB36760,ERROR,'doc_type'
REG_ZV9XC6AC3F8EFD733077,ERROR,'doc_type'
REG_ZV9XC6CAD6F656D690F0,ERROR,'doc_type'
REG_ZV9XC797F67110005FAB,ERROR,'doc_type'
REG_ZV9XC9E049E5D2D5D2A7,ERROR,'doc_type'
REG_ZV9XCB02A688680A889C,ERROR,'doc_type'
REG_ZV9XCBEBFDAE28E7D450,ERROR,'doc_type'
REG_ZV9XCCF694A77BAE6074,ERROR,'doc_type'
REG_ZV9XCCF96036CCEB5CA4,ERROR,'doc_type'
REG_ZV9XD03F9420ADDB3477,ERROR,'doc_type'
REG_ZV9XD1EDE8C25451C232,ERROR,'doc_type'
REG_ZV9XD225EC961EF61E52,ERROR,'doc_type'
REG_ZV9XD559F678EE6C2FA3,ERROR,'doc_type'
REG_ZV9XD8544F5D58183AAE,ERROR,"(PreconditionNotMet) Tensor holds no memory. Call Tensor::mutable_data firstly.
  [Hint: holder_ should not be null.] (at /paddle/paddle/phi/core/dense_tensor_impl.cc:44)
"
REG_ZV9XD97564F1D84F7194,ERROR,'doc_type'
REG_ZV9XD9F88EBA0117D399,ERROR,'doc_type'
REG_ZV9XDA97309549F6AF0F,ERROR,'doc_type'
REG_ZV9XDAA0A88B9D6F03EE,ERROR,'doc_type'
REG_ZV9XDB0208ADD2355120,ERROR,'doc_type'
REG_ZV9XDDA9209EE6D3CAC7,ERROR,'doc_type'
REG_ZV9XDDD3F0E4CC3D7923,ERROR,'doc_type'
REG_ZV9XDE8E18A3751A2A6B,ERROR,'doc_type'
REG_ZV9XDF1FAF7F26D358B6,ERROR,'doc_type'
REG_ZV9XDFF19C19308B2581,ERROR,'doc_type'
REG_ZV9XE0EE74072C618500,ERROR,'doc_type'
REG_ZV9XE100FBAB07287ED8,ERROR,'doc_type'
REG_ZV9XE246086E53264567,ERROR,'doc_type'
REG_ZV9XE2D79A0578B96C1E,ERROR,'doc_type'
REG_ZV9XE2E2510457877FD9,ERROR,'doc_type'
REG_ZV9XE3D55D8C6BAEBF4F,ERROR,'doc_type'
REG_ZV9XE538EB80E53617E9,ERROR,'doc_type'
REG_ZV9XE5ED89EAE9CB8A43,ERROR,'doc_type'
REG_ZV9XE7CF4C065EAEA67E,ERROR,'doc_type'
REG_ZV9XE7FC7D04357958A2,ERROR,'doc_type'
REG_ZV9XE82DCB525A7F5A3A,ERROR,'doc_type'
REG_ZV9XEA7F8C9502574133,ERROR,'doc_type'
REG_ZV9XEB53E4F9381B3FF9,ERROR,'doc_type'
REG_ZV9XEC3622A8495BABCE,ERROR,'doc_type'
REG_ZV9XECC29A03641DF4AA,ERROR,"(PreconditionNotMet) Tensor holds no memory. Call Tensor::mutable_data firstly.
  [Hint: holder_ should not be null.] (at /paddle/paddle/phi/core/dense_tensor_impl.cc:44)
"
REG_ZV9XEE558E230411B248,ERROR,'doc_type'
REG_ZV9XF02074C7B41EA411,ERROR,'doc_type'
REG_ZV9XF0DACD14FB2A1E0E,ERROR,'doc_type'
REG_ZV9XF1977342FAB38724,ERROR,'doc_type'
REG_ZV9XF1D26B6B2CC21343,ERROR,'doc_type'
REG_ZV9XF47B4E8523120302,ERROR,'doc_type'
REG_ZV9XF83A93021FA4916B,ERROR,'doc_type'
REG_ZV9XFB58AF12E04FFCD7,ERROR,'doc_type'
REG_ZV9XFC50064953C72049,ERROR,'doc_type'
STD_AQ_3011_2007,ERROR,"(PreconditionNotMet) Tensor holds no memory. Call Tensor::mutable_data firstly.
  [Hint: holder_ should not be null.] (at /paddle/paddle/phi/core/dense_tensor_impl.cc:44)
"
STD_AQ_4101_2008,ERROR,'doc_type'
STD_AQ_4101_2026,ERROR,"(PreconditionNotMet) Tensor holds no memory. Call Tensor::mutable_data firstly.
  [Hint: holder_ should not be null.] (at /paddle/paddle/phi/core/dense_tensor_impl.cc:44)
"
STD_AQ_4102_2008,ERROR,'doc_type'
STD_AQ_4102_2026,ERROR,"(PreconditionNotMet) Tensor holds no memory. Call Tensor::mutable_data firstly.
  [Hint: holder_ should not be null.] (at /paddle/paddle/phi/core/dense_tensor_impl.cc:44)
"
STD_AQ_4103_2008,ERROR,'doc_type'
STD_AQ_4104_2008,ERROR,'doc_type'
STD_AQ_4104_2025,ERROR,"(PreconditionNotMet) Tensor holds no memory. Call Tensor::mutable_data firstly.
  [Hint: holder_ should not be null.] (at /paddle/paddle/phi/core/dense_tensor_impl.cc:44)
"
STD_AQ_4105_2008,ERROR,'doc_type'
STD_AQ_4106_2008,ERROR,"(PreconditionNotMet) Tensor holds no memory. Call Tensor::mutable_data firstly.
  [Hint: holder_ should not be null.] (at /paddle/paddle/phi/core/dense_tensor_impl.cc:44)
"
STD_AQ_4107_2008,ERROR,"(PreconditionNotMet) Tensor holds no memory. Call Tensor::mutable_data firstly.
  [Hint: holder_ should not be null.] (at /paddle/paddle/phi/core/dense_tensor_impl.cc:44)
"
STD_AQ_4108_2008,ERROR,"(PreconditionNotMet) Tensor holds no memory. Call Tensor::mutable_data firstly.
  [Hint: holder_ should not be null.] (at /paddle/paddle/phi/core/dense_tensor_impl.cc:44)
"
STD_AQ_4109_2008,ERROR,"(PreconditionNotMet) Tensor holds no memory. Call Tensor::mutable_data firstly.
  [Hint: holder_ should not be null.] (at /paddle/paddle/phi/core/dense_tensor_impl.cc:44)
"
STD_AQ_4110_2008,ERROR,'doc_type'
STD_AQ_4111_2008,ERROR,"(PreconditionNotMet) Tensor holds no memory. Call Tensor::mutable_data firstly.
  [Hint: holder_ should not be null.] (at /paddle/paddle/phi/core/dense_tensor_impl.cc:44)
"
STD_AQ_4112_2008,ERROR,'doc_type'
STD_AQ_4113_2008,ERROR,'doc_type'
STD_AQ_4114_2011,ERROR,"(PreconditionNotMet) Tensor holds no memory. Call Tensor::mutable_data firstly.
  [Hint: holder_ should not be null.] (at /paddle/paddle/phi/core/dense_tensor_impl.cc:44)
"
STD_AQ_4115_2011,ERROR,"(PreconditionNotMet) Tensor holds no memory. Call Tensor::mutable_data firstly.
  [Hint: holder_ should not be null.] (at /paddle/paddle/phi/core/dense_tensor_impl.cc:44)
"
STD_AQ_4115_2025,ERROR,"(PreconditionNotMet) Tensor holds no memory. Call Tensor::mutable_data firstly.
  [Hint: holder_ should not be null.] (at /paddle/paddle/phi/core/dense_tensor_impl.cc:44)
"
STD_AQ_4124_2026,ERROR,'doc_type'
STD_AQ_4125_2014,ERROR,"(PreconditionNotMet) Tensor holds no memory. Call Tensor::mutable_data firstly.
  [Hint: holder_ should not be null.] (at /paddle/paddle/phi/core/dense_tensor_impl.cc:44)
"
STD_AQ_4126_2018,ERROR,"(PreconditionNotMet) Tensor holds no memory. Call Tensor::mutable_data firstly.
  [Hint: holder_ should not be null.] (at /paddle/paddle/phi/core/dense_tensor_impl.cc:44)
"
STD_AQ_4127_2026,ERROR,'doc_type'
STD_AQ_4128_2019,ERROR,'doc_type'
STD_AQ_4129_2019,ERROR,'doc_type'
STD_AQ_4131_2023,ERROR,"(PreconditionNotMet) Tensor holds no memory. Call Tensor::mutable_data firstly.
  [Hint: holder_ should not be null.] (at /paddle/paddle/phi/core/dense_tensor_impl.cc:44)
"
STD_AQ_4132_2025,ERROR,"(PreconditionNotMet) Tensor holds no memory. Call Tensor::mutable_data firstly.
  [Hint: holder_ should not be null.] (at /paddle/paddle/phi/core/dense_tensor_impl.cc:44)
"
STD_AQ_T_4105_2023,ERROR,"(PreconditionNotMet) Tensor holds no memory. Call Tensor::mutable_data firstly.
  [Hint: holder_ should not be null.] (at /paddle/paddle/phi/core/dense_tensor_impl.cc:44)
"
STD_AQ_T_4116_2011,ERROR,'doc_type'
STD_AQ_T_4117_2011,ERROR,"(PreconditionNotMet) Tensor holds no memory. Call Tensor::mutable_data firstly.
  [Hint: holder_ should not be null.] (at /paddle/paddle/phi/core/dense_tensor_impl.cc:44)
"
STD_AQ_T_4118_2011,ERROR,"(PreconditionNotMet) Tensor holds no memory. Call Tensor::mutable_data firstly.
  [Hint: holder_ should not be null.] (at /paddle/paddle/phi/core/dense_tensor_impl.cc:44)
"
STD_AQ_T_4119_2011,ERROR,index 17 is out of bounds for axis 0 with size 17
STD_AQ_T_4120_2011,ERROR,index 16 is out of bounds for axis 0 with size 16
STD_AQ_T_4122_2014,ERROR,"(PreconditionNotMet) Tensor holds no memory. Call Tensor::mutable_data firstly.
  [Hint: holder_ should not be null.] (at /paddle/paddle/phi/core/dense_tensor_impl.cc:44)
"
STD_AQ_T_4123_2014,ERROR,"(PreconditionNotMet) Tensor holds no memory. Call Tensor::mutable_data firstly.
  [Hint: holder_ should not be null.] (at /paddle/paddle/phi/core/dense_tensor_impl.cc:44)
"
STD_AQ_T_4124_2014,ERROR,"(PreconditionNotMet) Tensor holds no memory. Call Tensor::mutable_data firstly.
  [Hint: holder_ should not be null.] (at /paddle/paddle/phi/core/dense_tensor_impl.cc:44)
"
STD_AQ_T_4127_2018,ERROR,"(PreconditionNotMet) Tensor holds no memory. Call Tensor::mutable_data firstly.
  [Hint: holder_ should not be null.] (at /paddle/paddle/phi/core/dense_tensor_impl.cc:44)
"
STD_AQ_T_4130_2019,ERROR,'doc_type'
STD_DB11_T_1322.32_2019,ERROR,'doc_type'
STD_DB11_T_1578_2025,ERROR,'doc_type'
STD_DB11_T_2196_2023,ERROR,'doc_type'
STD_DB11_T_302_2023,ERROR,"(PreconditionNotMet) Tensor holds no memory. Call Tensor::mutable_data firstly.
  [Hint: holder_ should not be null.] (at /paddle/paddle/phi/core/dense_tensor_impl.cc:44)
"
STD_DB11_T_834_2020,ERROR,'doc_type'
STD_DB11__358_2016,ERROR,'doc_type'
STD_DB13_T_2941_2019,ERROR,'doc_type'
STD_DB13_T_5272_2020,ERROR,'doc_type'
STD_DB13_T_5742_2023,ERROR,"(PreconditionNotMet) Tensor holds no memory. Call Tensor::mutable_data firstly.
  [Hint: holder_ should not be null.] (at /paddle/paddle/phi/core/dense_tensor_impl.cc:44)
"
STD_DB15_T_1198_2024,ERROR,"(PreconditionNotMet) Tensor holds no memory. Call Tensor::mutable_data firstly.
  [Hint: holder_ should not be null.] (at /paddle/paddle/phi/core/dense_tensor_impl.cc:44)
"
STD_DB21_T_3267_2020,ERROR,'doc_type'
STD_DB22_T_3071_2019,ERROR,'doc_type'
STD_DB22_T_3221_2021,ERROR,'doc_type'
STD_DB32_T_3256_2017,ERROR,'doc_type'
STD_DB32_T_3615_2019,ERROR,'doc_type'
STD_DB32_T_3617_2019,ERROR,'doc_type'
STD_DB32_T_4531_2023,ERROR,'doc_type'
STD_DB3302_T_1051_2019,ERROR,'doc_type'
STD_DB33_T_1155_2018,ERROR,'doc_type'
STD_DB33_T_768.8_2009,ERROR,'doc_type'
STD_DB37_T_4995_2025,ERROR,'doc_type'
STD_DB37_T_5347_2026,ERROR,'doc_type'
STD_DB37_T_997_2022,ERROR,index 17 is out of bounds for axis 0 with size 17
STD_DB43_T_1780_2020,ERROR,"(PreconditionNotMet) Tensor holds no memory. Call Tensor::mutable_data firstly.
  [Hint: holder_ should not be null.] (at /paddle/paddle/phi/core/dense_tensor_impl.cc:44)
"
STD_DB43_T_1785_2020,ERROR,'doc_type'
STD_DB43_T_1786_2020,ERROR,"(PreconditionNotMet) Tensor holds no memory. Call Tensor::mutable_data firstly.
  [Hint: holder_ should not be null.] (at /paddle/paddle/phi/core/dense_tensor_impl.cc:44)
"
STD_DB43_T_3447_2025,ERROR,"(PreconditionNotMet) Tensor holds no memory. Call Tensor::mutable_data firstly.
  [Hint: holder_ should not be null.] (at /paddle/paddle/phi/core/dense_tensor_impl.cc:44)
"
STD_DB43_T_411_2008,ERROR,"(PreconditionNotMet) Tensor holds no memory. Call Tensor::mutable_data firstly.
  [Hint: holder_ should not be null.] (at /paddle/paddle/phi/core/dense_tensor_impl.cc:44)
"
STD_DB43_T_412_2008,ERROR,"(PreconditionNotMet) Tensor holds no memory. Call Tensor::mutable_data firstly.
  [Hint: holder_ should not be null.] (at /paddle/paddle/phi/core/dense_tensor_impl.cc:44)
"
STD_DB43_T_413_2008,ERROR,'doc_type'
STD_DB44_T_2564_2024,ERROR,'doc_type'
STD_DB46_T_521_2021,ERROR,'doc_type'
STD_DB46_T_671_2025,ERROR,'doc_type'
STD_DB46_T_672_2025,ERROR,'doc_type'
STD_DB50_T_867.25_2021,ERROR,'doc_type'
STD_DB51_T_3239_2024,ERROR,'doc_type'
STD_DB65_T_3902_2016,ERROR,"(PreconditionNotMet) Tensor holds no memory. Call Tensor::mutable_data firstly.
  [Hint: holder_ should not be null.] (at /paddle/paddle/phi/core/dense_tensor_impl.cc:44)
"
STD_GA_837_2009,ERROR,"(PreconditionNotMet) Tensor holds no memory. Call Tensor::mutable_data firstly.
  [Hint: holder_ should not be null.] (at /paddle/paddle/phi/core/dense_tensor_impl.cc:44)
"
STD_GA_838_2009,ERROR,'doc_type'
STD_GA_921_2011,ERROR,"(PreconditionNotMet) Tensor holds no memory. Call Tensor::mutable_data firstly.
  [Hint: holder_ should not be null.] (at /paddle/paddle/phi/core/dense_tensor_impl.cc:44)
"
STD_GA_T_536.1_2013,ERROR,"(PreconditionNotMet) Tensor holds no memory. Call Tensor::mutable_data firstly.
  [Hint: holder_ should not be null.] (at /paddle/paddle/phi/core/dense_tensor_impl.cc:44)
"
STD_GA_T_536.2_2005,ERROR,"(PreconditionNotMet) Tensor holds no memory. Call Tensor::mutable_data firstly.
  [Hint: holder_ should not be null.] (at /paddle/paddle/phi/core/dense_tensor_impl.cc:44)
"
STD_GA_T_536.3_2005,ERROR,"(PreconditionNotMet) Tensor holds no memory. Call Tensor::mutable_data firstly.
  [Hint: holder_ should not be null.] (at /paddle/paddle/phi/core/dense_tensor_impl.cc:44)
"
STD_GA_T_536.4_2005,ERROR,'doc_type'
STD_GA_T_536.5_2005,ERROR,'doc_type'
STD_GA_T_536.6_2010,ERROR,"(PreconditionNotMet) Tensor holds no memory. Call Tensor::mutable_data firstly.
  [Hint: holder_ should not be null.] (at /paddle/paddle/phi/core/dense_tensor_impl.cc:44)
"
STD_GA_T_972_2011,ERROR,index 40 is out of bounds for axis 0 with size 40
STD_GB_10631_2025,ERROR,'doc_type'
STD_GB_11652_2012,ERROR,index 19 is out of bounds for axis 0 with size 19
STD_GB_11984_2024,ERROR,'doc_type'
STD_GB_12268_2025,ERROR,'doc_type'
STD_GB_12662_2008,ERROR,'doc_type'
STD_GB_12950_1991,ERROR,"(PreconditionNotMet) Tensor holds no memory. Call Tensor::mutable_data firstly.
  [Hint: holder_ should not be null.] (at /paddle/paddle/phi/core/dense_tensor_impl.cc:44)
"
STD_GB_13042_2008,ERROR,'doc_type'
STD_GB_15258_2009,ERROR,"(PreconditionNotMet) Tensor holds no memory. Call Tensor::mutable_data firstly.
  [Hint: holder_ should not be null.] (at /paddle/paddle/phi/core/dense_tensor_impl.cc:44)
"
STD_GB_15346_2012,ERROR,'doc_type'
STD_GB_16473_1996,ERROR,"(PreconditionNotMet) Tensor holds no memory. Call Tensor::mutable_data firstly.
  [Hint: holder_ should not be null.] (at /paddle/paddle/phi/core/dense_tensor_impl.cc:44)
"
STD_GB_17919_2025,ERROR,'doc_type'
STD_GB_18154_2025,ERROR,'doc_type'
STD_GB_18191_2008,ERROR,'doc_type'
STD_GB_19107_2003,ERROR,'doc_type'
STD_GB_19109_2003,ERROR,'doc_type'
STD_GB_19160_2008,ERROR,'doc_type'
STD_GB_19268_2021,ERROR,'doc_type'
STD_GB_19358_2003,ERROR,"(PreconditionNotMet) Tensor holds no memory. Call Tensor::mutable_data firstly.
  [Hint: holder_ should not be null.] (at /paddle/paddle/phi/core/dense_tensor_impl.cc:44)
"
STD_GB_19417_2025,ERROR,'doc_type'
STD_GB_19434.3_2004,ERROR,'doc_type'
STD_GB_19434.4_2004,ERROR,'doc_type'
STD_GB_19434.5_2004,ERROR,'doc_type'
STD_GB_19434.6_2004,ERROR,'doc_type'
STD_GB_19434.7_2004,ERROR,'doc_type'
STD_GB_19434.8_2004,ERROR,'doc_type'
STD_GB_19454_2009,ERROR,'doc_type'
STD_GB_19455_2004,ERROR,'doc_type'
STD_GB_19521.11_2005,ERROR,"(PreconditionNotMet) Tensor holds no memory. Call Tensor::mutable_data firstly.
  [Hint: holder_ should not be null.] (at /paddle/paddle/phi/core/dense_tensor_impl.cc:44)
"
STD_GB_19595_2004,ERROR,"(PreconditionNotMet) Tensor holds no memory. Call Tensor::mutable_data firstly.
  [Hint: holder_ should not be null.] (at /paddle/paddle/phi/core/dense_tensor_impl.cc:44)
"
STD_GB_20208_2006,ERROR,'doc_type'
STD_GB_21178_2007,ERROR,"(PreconditionNotMet) Tensor holds no memory. Call Tensor::mutable_data firstly.
  [Hint: holder_ should not be null.] (at /paddle/paddle/phi/core/dense_tensor_impl.cc:44)
"
STD_GB_26447_2010,ERROR,"(PreconditionNotMet) Tensor holds no memory. Call Tensor::mutable_data firstly.
  [Hint: holder_ should not be null.] (at /paddle/paddle/phi/core/dense_tensor_impl.cc:44)
"
STD_GB_26448_2010,ERROR,"(PreconditionNotMet) Tensor holds no memory. Call Tensor::mutable_data firstly.
  [Hint: holder_ should not be null.] (at /paddle/paddle/phi/core/dense_tensor_impl.cc:44)
"
STD_GB_26569_2026,ERROR,'doc_type'
STD_GB_2702_1990,ERROR,index 50 is out of bounds for axis 0 with size 50
STD_GB_27833_2011,ERROR,"(PreconditionNotMet) Tensor holds no memory. Call Tensor::mutable_data firstly.
  [Hint: holder_ should not be null.] (at /paddle/paddle/phi/core/dense_tensor_impl.cc:44)
"
STD_GB_27834_2011,ERROR,index 9 is out of bounds for axis 0 with size 9
STD_GB_28263_2024,ERROR,'doc_type'
STD_GB_28644.3_2012,ERROR,"(PreconditionNotMet) Tensor holds no memory. Call Tensor::mutable_data firstly.
  [Hint: holder_ should not be null.] (at /paddle/paddle/phi/core/dense_tensor_impl.cc:44)
"
STD_GB_28645.1_2012,ERROR,"(PreconditionNotMet) Tensor holds no memory. Call Tensor::mutable_data firstly.
  [Hint: holder_ should not be null.] (at /paddle/paddle/phi/core/dense_tensor_impl.cc:44)
"
STD_GB_28645.2_2012,ERROR,index 29 is out of bounds for axis 0 with size 29
STD_GB_30000.10_2013,ERROR,'doc_type'
STD_GB_30000.11_2013,ERROR,'doc_type'
STD_GB_30000.12_2013,ERROR,'doc_type'
STD_GB_30000.13_2013,ERROR,'doc_type'
STD_GB_30000.14_2013,ERROR,"(PreconditionNotMet) Tensor holds no memory. Call Tensor::mutable_data firstly.
  [Hint: holder_ should not be null.] (at /paddle/paddle/phi/core/dense_tensor_impl.cc:44)
"
STD_GB_30000.15_2013,ERROR,'doc_type'
STD_GB_30000.16_2013,ERROR,"(PreconditionNotMet) Tensor holds no memory. Call Tensor::mutable_data firstly.
  [Hint: holder_ should not be null.] (at /paddle/paddle/phi/core/dense_tensor_impl.cc:44)
"
STD_GB_30000.17_2013,ERROR,'doc_type'
STD_GB_30000.18_2013,ERROR,'doc_type'
STD_GB_30000.19_2013,ERROR,'doc_type'
STD_GB_30000.1_2024,ERROR,'doc_type'
STD_GB_30000.20_2013,ERROR,'doc_type'
STD_GB_30000.21_2013,ERROR,"(PreconditionNotMet) Tensor holds no memory. Call Tensor::mutable_data firstly.
  [Hint: holder_ should not be null.] (at /paddle/paddle/phi/core/dense_tensor_impl.cc:44)
"
STD_GB_30000.22_2013,ERROR,'doc_type'
STD_GB_30000.23_2013,ERROR,'doc_type'
STD_GB_30000.24_2013,ERROR,'doc_type'
STD_GB_30000.25_2013,ERROR,'doc_type'
STD_GB_30000.26_2013,ERROR,'doc_type'
STD_GB_30000.27_2013,ERROR,'doc_type'
STD_GB_30000.28_2013,ERROR,'doc_type'
STD_GB_30000.29_2013,ERROR,'doc_type'
STD_GB_30000.2_2013,ERROR,"(PreconditionNotMet) Tensor holds no memory. Call Tensor::mutable_data firstly.
  [Hint: holder_ should not be null.] (at /paddle/paddle/phi/core/dense_tensor_impl.cc:44)
"
STD_GB_30000.30_2025,ERROR,'doc_type'
STD_GB_30000.3_2013,ERROR,'doc_type'
STD_GB_30000.4_2013,ERROR,'doc_type'
STD_GB_30000.5_2013,ERROR,'doc_type'
STD_GB_30000.6_2013,ERROR,'doc_type'
STD_GB_30000.7_2013,ERROR,'doc_type'
STD_GB_30000.8_2013,ERROR,'doc_type'
STD_GB_30000.9_2013,ERROR,'doc_type'
STD_GB_39176_2020,ERROR,'doc_type'
STD_GB_46032_2025,ERROR,'doc_type'
STD_GB_46770_2025,ERROR,'doc_type'
STD_GB_47369_2026,ERROR,'doc_type'
STD_GB_50028_2006(2020年版),ERROR,"(PreconditionNotMet) Tensor holds no memory. Call Tensor::mutable_data firstly.
  [Hint: holder_ should not be null.] (at /paddle/paddle/phi/core/dense_tensor_impl.cc:44)
"
STD_GB_50089_2018,ERROR,"(PreconditionNotMet) Tensor holds no memory. Call Tensor::mutable_data firstly.
  [Hint: holder_ should not be null.] (at /paddle/paddle/phi/core/dense_tensor_impl.cc:44)
"
STD_GB_6222_2025,ERROR,'doc_type'
STD_GB_6944_2025,ERROR,'doc_type'
STD_GB_T_10632_2026,ERROR,'doc_type'
STD_GB_T_12474_2008,ERROR,'doc_type'
STD_GB_T_13201_2025,ERROR,'doc_type'
STD_GB_T_13611_2018,ERROR,'doc_type'
STD_GB_T_14188_2025,ERROR,'doc_type'
STD_GB_T_14492_2008,ERROR,'doc_type'
STD_GB_T_14659_2015,ERROR,'doc_type'
STD_GB_T_15170_2025,ERROR,'doc_type'
STD_GB_T_15171_2025,ERROR,'doc_type'
STD_GB_T_15814.1_2010,ERROR,'doc_type'
STD_GB_T_15814.2_1995,ERROR,"(PreconditionNotMet) Tensor holds no memory. Call Tensor::mutable_data firstly.
  [Hint: holder_ should not be null.] (at /paddle/paddle/phi/core/dense_tensor_impl.cc:44)
"
STD_GB_T_15814.3_1995,ERROR,"(PreconditionNotMet) Tensor holds no memory. Call Tensor::mutable_data firstly.
  [Hint: holder_ should not be null.] (at /paddle/paddle/phi/core/dense_tensor_impl.cc:44)
"
STD_GB_T_16265_2025,ERROR,'doc_type'
STD_GB_T_16267_2025,ERROR,'doc_type'
STD_GB_T_16425_2018,ERROR,'doc_type'
STD_GB_T_16430_2018,ERROR,'doc_type'
STD_GB_T_16483_2008,ERROR,'doc_type'
STD_GB_T_16929_2025,ERROR,'doc_type'
STD_GB_T_17449_2025,ERROR,"(PreconditionNotMet) Tensor holds no memory. Call Tensor::mutable_data firstly.
  [Hint: holder_ should not be null.] (at /paddle/paddle/phi/core/dense_tensor_impl.cc:44)
"
STD_GB_T_17519_2013,ERROR,'doc_type'
STD_GB_T_18096_2000,ERROR,'doc_type'
STD_GB_T_18098_2000,ERROR,index 31 is out of bounds for axis 0 with size 31
STD_GB_T_18927_2025,ERROR,"(PreconditionNotMet) Tensor holds no memory. Call Tensor::mutable_data firstly.
  [Hint: holder_ should not be null.] (at /paddle/paddle/phi/core/dense_tensor_impl.cc:44)
"
STD_GB_T_191_2025,ERROR,"(PreconditionNotMet) Tensor holds no memory. Call Tensor::mutable_data firstly.
  [Hint: holder_ should not be null.] (at /paddle/paddle/phi/core/dense_tensor_impl.cc:44)
"
STD_GB_T_19469_2026,ERROR,'doc_type'
STD_GB_T_19593_2026,ERROR,'doc_type'
STD_GB_T_19594_2026,ERROR,'doc_type'
STD_GB_T_19787_2025,ERROR,'doc_type'
STD_GB_T_20209_2026,ERROR,'doc_type'
STD_GB_T_20210_2026,ERROR,'doc_type'
STD_GB_T_20211_2006,ERROR,'doc_type'
STD_GB_T_20212_2026,ERROR,'doc_type'
STD_GB_T_20603_2023,ERROR,'doc_type'
STD_GB_T_20613_2026,ERROR,'doc_type'
STD_GB_T_20614_2026,ERROR,'doc_type'
STD_GB_T_20615_2026,ERROR,'doc_type'
STD_GB_T_20616_2026,ERROR,'doc_type'
STD_GB_T_20617_2026,ERROR,'doc_type'
STD_GB_T_20618_2026,ERROR,'doc_type'
STD_GB_T_21242_2019,ERROR,'doc_type'
STD_GB_T_21243_2007,ERROR,'doc_type'
STD_GB_T_21279_2007,ERROR,"(PreconditionNotMet) Tensor holds no memory. Call Tensor::mutable_data firstly.
  [Hint: holder_ should not be null.] (at /paddle/paddle/phi/core/dense_tensor_impl.cc:44)
"
STD_GB_T_21281_2007,ERROR,"(PreconditionNotMet) Tensor holds no memory. Call Tensor::mutable_data firstly.
  [Hint: holder_ should not be null.] (at /paddle/paddle/phi/core/dense_tensor_impl.cc:44)
"
STD_GB_T_21566_2008,ERROR,"(PreconditionNotMet) Tensor holds no memory. Call Tensor::mutable_data firstly.
  [Hint: holder_ should not be null.] (at /paddle/paddle/phi/core/dense_tensor_impl.cc:44)
"
STD_GB_T_21567_2008,ERROR,"(PreconditionNotMet) Tensor holds no memory. Call Tensor::mutable_data firstly.
  [Hint: holder_ should not be null.] (at /paddle/paddle/phi/core/dense_tensor_impl.cc:44)
"
STD_GB_T_21571_2008,ERROR,"(PreconditionNotMet) Tensor holds no memory. Call Tensor::mutable_data firstly.
  [Hint: holder_ should not be null.] (at /paddle/paddle/phi/core/dense_tensor_impl.cc:44)
"
STD_GB_T_21572_2008,ERROR,"(PreconditionNotMet) Tensor holds no memory. Call Tensor::mutable_data firstly.
  [Hint: holder_ should not be null.] (at /paddle/paddle/phi/core/dense_tensor_impl.cc:44)
"
STD_GB_T_21575_2008,ERROR,'doc_type'
STD_GB_T_21576_2008,ERROR,"(PreconditionNotMet) Tensor holds no memory. Call Tensor::mutable_data firstly.
  [Hint: holder_ should not be null.] (at /paddle/paddle/phi/core/dense_tensor_impl.cc:44)
"
STD_GB_T_21577_2008,ERROR,"(PreconditionNotMet) Tensor holds no memory. Call Tensor::mutable_data firstly.
  [Hint: holder_ should not be null.] (at /paddle/paddle/phi/core/dense_tensor_impl.cc:44)
"
STD_GB_T_21579_2008,ERROR,"(PreconditionNotMet) Tensor holds no memory. Call Tensor::mutable_data firstly.
  [Hint: holder_ should not be null.] (at /paddle/paddle/phi/core/dense_tensor_impl.cc:44)
"
STD_GB_T_21580_2008,ERROR,"(PreconditionNotMet) Tensor holds no memory. Call Tensor::mutable_data firstly.
  [Hint: holder_ should not be null.] (at /paddle/paddle/phi/core/dense_tensor_impl.cc:44)
"
STD_GB_T_21582_2008,ERROR,"(PreconditionNotMet) Tensor holds no memory. Call Tensor::mutable_data firstly.
  [Hint: holder_ should not be null.] (at /paddle/paddle/phi/core/dense_tensor_impl.cc:44)
"
STD_GB_T_21596_2008,ERROR,"(PreconditionNotMet) Tensor holds no memory. Call Tensor::mutable_data firstly.
  [Hint: holder_ should not be null.] (at /paddle/paddle/phi/core/dense_tensor_impl.cc:44)
"
STD_GB_T_21609_2025,ERROR,'doc_type'
STD_GB_T_21611_2008,ERROR,index 32 is out of bounds for axis 0 with size 32
STD_GB_T_21612_2008,ERROR,"(PreconditionNotMet) Tensor holds no memory. Call Tensor::mutable_data firstly.
  [Hint: holder_ should not be null.] (at /paddle/paddle/phi/core/dense_tensor_impl.cc:44)
"
STD_GB_T_21613_2008,ERROR,"(PreconditionNotMet) Tensor holds no memory. Call Tensor::mutable_data firstly.
  [Hint: holder_ should not be null.] (at /paddle/paddle/phi/core/dense_tensor_impl.cc:44)
"
STD_GB_T_21615_2008,ERROR,'doc_type'
STD_GB_T_21616_2008,ERROR,index 37 is out of bounds for axis 0 with size 37
STD_GB_T_21617_2023,ERROR,"(PreconditionNotMet) Tensor holds no memory. Call Tensor::mutable_data firstly.
  [Hint: holder_ should not be null.] (at /paddle/paddle/phi/core/dense_tensor_impl.cc:44)
"
STD_GB_T_21618_2008,ERROR,"(PreconditionNotMet) Tensor holds no memory. Call Tensor::mutable_data firstly.
  [Hint: holder_ should not be null.] (at /paddle/paddle/phi/core/dense_tensor_impl.cc:44)
"
STD_GB_T_21619_2008,ERROR,"(PreconditionNotMet) Tensor holds no memory. Call Tensor::mutable_data firstly.
  [Hint: holder_ should not be null.] (at /paddle/paddle/phi/core/dense_tensor_impl.cc:44)
"
STD_GB_T_21620_2008,ERROR,"(PreconditionNotMet) Tensor holds no memory. Call Tensor::mutable_data firstly.
  [Hint: holder_ should not be null.] (at /paddle/paddle/phi/core/dense_tensor_impl.cc:44)
"
STD_GB_T_21621_2008,ERROR,"(PreconditionNotMet) Tensor holds no memory. Call Tensor::mutable_data firstly.
  [Hint: holder_ should not be null.] (at /paddle/paddle/phi/core/dense_tensor_impl.cc:44)
"
STD_GB_T_21622_2008,ERROR,"(PreconditionNotMet) Tensor holds no memory. Call Tensor::mutable_data firstly.
  [Hint: holder_ should not be null.] (at /paddle/paddle/phi/core/dense_tensor_impl.cc:44)
"
STD_GB_T_21623_2008,ERROR,'doc_type'
STD_GB_T_21624_2008,ERROR,'doc_type'
STD_GB_T_21625_2008,ERROR,"(PreconditionNotMet) Tensor holds no memory. Call Tensor::mutable_data firstly.
  [Hint: holder_ should not be null.] (at /paddle/paddle/phi/core/dense_tensor_impl.cc:44)
"
STD_GB_T_21626_2008,ERROR,'doc_type'
STD_GB_T_21627_2008,ERROR,index 13 is out of bounds for axis 0 with size 13
STD_GB_T_21628_2008,ERROR,'doc_type'
STD_GB_T_21629_2008,ERROR,"(PreconditionNotMet) Tensor holds no memory. Call Tensor::mutable_data firstly.
  [Hint: holder_ should not be null.] (at /paddle/paddle/phi/core/dense_tensor_impl.cc:44)
"
STD_GB_T_21630_2008,ERROR,"(PreconditionNotMet) Tensor holds no memory. Call Tensor::mutable_data firstly.
  [Hint: holder_ should not be null.] (at /paddle/paddle/phi/core/dense_tensor_impl.cc:44)
"
STD_GB_T_21631_2008,ERROR,"(PreconditionNotMet) Tensor holds no memory. Call Tensor::mutable_data firstly.
  [Hint: holder_ should not be null.] (at /paddle/paddle/phi/core/dense_tensor_impl.cc:44)
"
STD_GB_T_21632_2008,ERROR,"(PreconditionNotMet) Tensor holds no memory. Call Tensor::mutable_data firstly.
  [Hint: holder_ should not be null.] (at /paddle/paddle/phi/core/dense_tensor_impl.cc:44)
"
STD_GB_T_21750_2025,ERROR,'doc_type'
STD_GB_T_21754_2025,ERROR,'doc_type'
STD_GB_T_21756_2008,ERROR,'doc_type'
STD_GB_T_21759_2025,ERROR,'doc_type'
STD_GB_T_21766_2025,ERROR,"(PreconditionNotMet) Tensor holds no memory. Call Tensor::mutable_data firstly.
  [Hint: holder_ should not be null.] (at /paddle/paddle/phi/core/dense_tensor_impl.cc:44)
"
STD_GB_T_21773_2025,ERROR,'doc_type'
STD_GB_T_21775_2008,ERROR,"(PreconditionNotMet) Tensor holds no memory. Call Tensor::mutable_data firstly.
  [Hint: holder_ should not be null.] (at /paddle/paddle/phi/core/dense_tensor_impl.cc:44)
"
STD_GB_T_21786_2025,ERROR,'doc_type'
STD_GB_T_21788_2025,ERROR,'doc_type'
STD_GB_T_21791_2008,ERROR,index 8 is out of bounds for axis 0 with size 8
STD_GB_T_21792_2008,ERROR,"(PreconditionNotMet) Tensor holds no memory. Call Tensor::mutable_data firstly.
  [Hint: holder_ should not be null.] (at /paddle/paddle/phi/core/dense_tensor_impl.cc:44)
"
STD_GB_T_21793_2025,ERROR,'doc_type'
STD_GB_T_21794_2025,ERROR,'doc_type'
STD_GB_T_21818_2025,ERROR,'doc_type'
STD_GB_T_21844_2008,ERROR,"(PreconditionNotMet) Tensor holds no memory. Call Tensor::mutable_data firstly.
  [Hint: holder_ should not be null.] (at /paddle/paddle/phi/core/dense_tensor_impl.cc:44)
"
STD_GB_T_21846_2008,ERROR,"(PreconditionNotMet) Tensor holds no memory. Call Tensor::mutable_data firstly.
  [Hint: holder_ should not be null.] (at /paddle/paddle/phi/core/dense_tensor_impl.cc:44)
"
STD_GB_T_21847_2008,ERROR,"(PreconditionNotMet) Tensor holds no memory. Call Tensor::mutable_data firstly.
  [Hint: holder_ should not be null.] (at /paddle/paddle/phi/core/dense_tensor_impl.cc:44)
"
STD_GB_T_21848_2008,ERROR,"(PreconditionNotMet) Tensor holds no memory. Call Tensor::mutable_data firstly.
  [Hint: holder_ should not be null.] (at /paddle/paddle/phi/core/dense_tensor_impl.cc:44)
"
STD_GB_T_21849_2008,ERROR,"(PreconditionNotMet) Tensor holds no memory. Call Tensor::mutable_data firstly.
  [Hint: holder_ should not be null.] (at /paddle/paddle/phi/core/dense_tensor_impl.cc:44)
"
STD_GB_T_21850_2008,ERROR,"(PreconditionNotMet) Tensor holds no memory. Call Tensor::mutable_data firstly.
  [Hint: holder_ should not be null.] (at /paddle/paddle/phi/core/dense_tensor_impl.cc:44)
"
STD_GB_T_21854_2025,ERROR,'doc_type'
STD_GB_T_21860_2008,ERROR,"(PreconditionNotMet) Tensor holds no memory. Call Tensor::mutable_data firstly.
  [Hint: holder_ should not be null.] (at /paddle/paddle/phi/core/dense_tensor_impl.cc:44)
"
STD_GB_T_21929_2008,ERROR,"(PreconditionNotMet) Tensor holds no memory. Call Tensor::mutable_data firstly.
  [Hint: holder_ should not be null.] (at /paddle/paddle/phi/core/dense_tensor_impl.cc:44)
"
STD_GB_T_22225_2008,ERROR,'doc_type'
STD_GB_T_22233_2008,ERROR,"(PreconditionNotMet) Tensor holds no memory. Call Tensor::mutable_data firstly.
  [Hint: holder_ should not be null.] (at /paddle/paddle/phi/core/dense_tensor_impl.cc:44)
"
STD_GB_T_22511_2017,ERROR,'doc_type'
STD_GB_T_22781_2008,ERROR,'doc_type'
STD_GB_T_22782_2008,ERROR,'doc_type'
STD_GB_T_22783_2008,ERROR,'doc_type'
STD_GB_T_22784_2008,ERROR,'doc_type'
STD_GB_T_22785_2008,ERROR,'doc_type'
STD_GB_T_22786_2008,ERROR,'doc_type'
STD_GB_T_22787_2008,ERROR,'doc_type'
STD_GB_T_22809_2008,ERROR,'doc_type'
STD_GB_T_22928_2008,ERROR,'doc_type'
STD_GB_T_23955_2009,ERROR,"(PreconditionNotMet) Tensor holds no memory. Call Tensor::mutable_data firstly.
  [Hint: holder_ should not be null.] (at /paddle/paddle/phi/core/dense_tensor_impl.cc:44)
"
STD_GB_T_24775_2009,ERROR,'doc_type'
STD_GB_T_24776_2009,ERROR,'doc_type'
STD_GB_T_24778_2009,ERROR,'doc_type'
STD_GB_T_25035_2010,ERROR,index 13 is out of bounds for axis 0 with size 13
STD_GB_T_26073_2010,ERROR,'doc_type'
STD_GB_T_26195_2010,ERROR,'doc_type'
STD_GB_T_26196_2010,ERROR,'doc_type'
STD_GB_T_26197_2010,ERROR,'doc_type'
STD_GB_T_26198_2010,ERROR,'doc_type'
STD_GB_T_261_2021,ERROR,"(PreconditionNotMet) Tensor holds no memory. Call Tensor::mutable_data firstly.
  [Hint: holder_ should not be null.] (at /paddle/paddle/phi/core/dense_tensor_impl.cc:44)
"
STD_GB_T_27602_2011,ERROR,'doc_type'
STD_GB_T_27835_2011,ERROR,'doc_type'
STD_GB_T_27836_2011,ERROR,index 13 is out of bounds for axis 0 with size 13
STD_GB_T_27837_2011,ERROR,"(PreconditionNotMet) Tensor holds no memory. Call Tensor::mutable_data firstly.
  [Hint: holder_ should not be null.] (at /paddle/paddle/phi/core/dense_tensor_impl.cc:44)
"
STD_GB_T_27838_2011,ERROR,"(PreconditionNotMet) Tensor holds no memory. Call Tensor::mutable_data firstly.
  [Hint: holder_ should not be null.] (at /paddle/paddle/phi/core/dense_tensor_impl.cc:44)
"
STD_GB_T_27839_2011,ERROR,"(PreconditionNotMet) Tensor holds no memory. Call Tensor::mutable_data firstly.
  [Hint: holder_ should not be null.] (at /paddle/paddle/phi/core/dense_tensor_impl.cc:44)
"
STD_GB_T_27847_2011,ERROR,'doc_type'
STD_GB_T_27848_2011,ERROR,"(PreconditionNotMet) Tensor holds no memory. Call Tensor::mutable_data firstly.
  [Hint: holder_ should not be null.] (at /paddle/paddle/phi/core/dense_tensor_impl.cc:44)
"
STD_GB_T_27862_2011,ERROR,"(PreconditionNotMet) Tensor holds no memory. Call Tensor::mutable_data firstly.
  [Hint: holder_ should not be null.] (at /paddle/paddle/phi/core/dense_tensor_impl.cc:44)
"
STD_GB_T_28885_2025,ERROR,'doc_type'
STD_GB_T_29877_2013,ERROR,'doc_type'
STD_GB_T_29878_2013,ERROR,'doc_type'
STD_GB_T_29879_2013,ERROR,'doc_type'
STD_GB_T_29880_2013,ERROR,'doc_type'
STD_GB_T_30000.31_2023,ERROR,'doc_type'
STD_GB_T_31270.18_2014,ERROR,'doc_type'
STD_GB_T_31270.19_2014,ERROR,'doc_type'
STD_GB_T_31270.20_2014,ERROR,'doc_type'
STD_GB_T_31270.21_2014,ERROR,'doc_type'
STD_GB_T_31270.3_2014,ERROR,'doc_type'
STD_GB_T_31270.6_2014,ERROR,'doc_type'
STD_GB_T_31514_2015,ERROR,'doc_type'
STD_GB_T_31516_2015,ERROR,'doc_type'
STD_GB_T_325.1_2018,ERROR,"(PreconditionNotMet) Tensor holds no memory. Call Tensor::mutable_data firstly.
  [Hint: holder_ should not be null.] (at /paddle/paddle/phi/core/dense_tensor_impl.cc:44)
"
STD_GB_T_325.2_2010,ERROR,"(PreconditionNotMet) Tensor holds no memory. Call Tensor::mutable_data firstly.
  [Hint: holder_ should not be null.] (at /paddle/paddle/phi/core/dense_tensor_impl.cc:44)
"
STD_GB_T_33679_2026,ERROR,'doc_type'
STD_GB_T_34708_2017,ERROR,'doc_type'
STD_GB_T_34710.1_2017,ERROR,'doc_type'
STD_GB_T_34710.2_2018,ERROR,'doc_type'
STD_GB_T_34710.3_2018,ERROR,'doc_type'
STD_GB_T_34714_2017,ERROR,'doc_type'
STD_GB_T_35750_2017,ERROR,'doc_type'
STD_GB_T_35756_2017,ERROR,'doc_type'
STD_GB_T_35757_2017,ERROR,'doc_type'
STD_GB_T_35760_2017,ERROR,'doc_type'
STD_GB_T_35761_2017,ERROR,'doc_type'
STD_GB_T_35929_2018,ERROR,index 14 is out of bounds for axis 0 with size 14
STD_GB_T_37104_2018,ERROR,"(PreconditionNotMet) Tensor holds no memory. Call Tensor::mutable_data firstly.
  [Hint: holder_ should not be null.] (at /paddle/paddle/phi/core/dense_tensor_impl.cc:44)
"
STD_GB_T_38040_2019,ERROR,'doc_type'
STD_GB_T_38141_2019,ERROR,'doc_type'
STD_GB_T_38229_2019,ERROR,'doc_type'
STD_GB_T_38298_2019,ERROR,'doc_type'
STD_GB_T_38301_2019,ERROR,'doc_type'
STD_GB_T_38316_2019,ERROR,'doc_type'
STD_GB_T_38721_2020,ERROR,'doc_type'
STD_GB_T_39090_2020,ERROR,'doc_type'
STD_GB_T_39093_2020,ERROR,'doc_type'
STD_GB_T_39996_2021,ERROR,'doc_type'
STD_GB_T_40640.1_2021,ERROR,'doc_type'
STD_GB_T_40640.2_2021,ERROR,'doc_type'
STD_GB_T_40640.3_2021,ERROR,'doc_type'
STD_GB_T_40640.4_2021,ERROR,'doc_type'
STD_GB_T_40640.5_2021,ERROR,'doc_type'
STD_GB_T_41644_2022,ERROR,'doc_type'
STD_GB_T_41693_2022,ERROR,'doc_type'
STD_GB_T_41774_2022,ERROR,'doc_type'
STD_GB_T_41775_2022,ERROR,'doc_type'
STD_GB_T_41777_2022,ERROR,'doc_type'
STD_GB_T_42368_2023,ERROR,'doc_type'
STD_GB_T_43545_2023,ERROR,'doc_type'
STD_GB_T_44165.7_2025,ERROR,"(PreconditionNotMet) Tensor holds no memory. Call Tensor::mutable_data firstly.
  [Hint: holder_ should not be null.] (at /paddle/paddle/phi/core/dense_tensor_impl.cc:44)
"
STD_GB_T_44165.8_2025,ERROR,index 3 is out of bounds for axis 0 with size 3
STD_GB_T_44165.9_2025,ERROR,'doc_type'
STD_GB_T_44394_2024,ERROR,'doc_type'
STD_GB_T_44706_2024,ERROR,'doc_type'
STD_GB_T_44707_2024,ERROR,'doc_type'
STD_GB_T_44708_2024,ERROR,'doc_type'
STD_GB_T_45215_2025,ERROR,'doc_type'
STD_GB_T_45216_2025,ERROR,'doc_type'
STD_GB_T_45217_2025,ERROR,'doc_type'
STD_GB_T_45218_2025,ERROR,'doc_type'
STD_GB_T_45219_2025,ERROR,'doc_type'
STD_GB_T_45237_2025,ERROR,'doc_type'
STD_GB_T_45451.1_2025,ERROR,"(PreconditionNotMet) Tensor holds no memory. Call Tensor::mutable_data firstly.
  [Hint: holder_ should not be null.] (at /paddle/paddle/phi/core/dense_tensor_impl.cc:44)
"
STD_GB_T_45453_2025,ERROR,"(PreconditionNotMet) Tensor holds no memory. Call Tensor::mutable_data firstly.
  [Hint: holder_ should not be null.] (at /paddle/paddle/phi/core/dense_tensor_impl.cc:44)
"
STD_GB_T_45456_2025,ERROR,'doc_type'
STD_GB_T_45638_2025,ERROR,"(PreconditionNotMet) Tensor holds no memory. Call Tensor::mutable_data firstly.
  [Hint: holder_ should not be null.] (at /paddle/paddle/phi/core/dense_tensor_impl.cc:44)
"
STD_GB_T_45702_2025,ERROR,'doc_type'
STD_GB_T_45911_2025,ERROR,'doc_type'
STD_GB_T_46136_2025,ERROR,'doc_type'
STD_GB_T_46140_2025,ERROR,'doc_type'
STD_GB_T_46144_2025,ERROR,'doc_type'
STD_GB_T_46250_2025,ERROR,'doc_type'
STD_GB_T_46549_2025,ERROR,'doc_type'
STD_GB_T_46908_2025,ERROR,"(PreconditionNotMet) Tensor holds no memory. Call Tensor::mutable_data firstly.
  [Hint: holder_ should not be null.] (at /paddle/paddle/phi/core/dense_tensor_impl.cc:44)
"
STD_GB_T_47163_2026,ERROR,'doc_type'
STD_GB_T_47164_2026,ERROR,'doc_type'
STD_GB_T_47167_2026,ERROR,'doc_type'
STD_GB_T_47168_2026,ERROR,'doc_type'
STD_GB_T_47169_2026,ERROR,"(PreconditionNotMet) Tensor holds no memory. Call Tensor::mutable_data firstly.
  [Hint: holder_ should not be null.] (at /paddle/paddle/phi/core/dense_tensor_impl.cc:44)
"
STD_GB_T_47170_2026,ERROR,'doc_type'
STD_GB_T_47171_2026,ERROR,'doc_type'
STD_GB_T_47172_2026,ERROR,'doc_type'
STD_GB_T_47173_2026,ERROR,'doc_type'
STD_GB_T_47287_2026,ERROR,'doc_type'
STD_GB_T_47320_2026,ERROR,"(PreconditionNotMet) Tensor holds no memory. Call Tensor::mutable_data firstly.
  [Hint: holder_ should not be null.] (at /paddle/paddle/phi/core/dense_tensor_impl.cc:44)
"
STD_GB_T_47394_2026,ERROR,'doc_type'
STD_GB_T_47548_2026,ERROR,'doc_type'
STD_GB_T_51455_2023,ERROR,'doc_type'
STD_GB_T_51474_2025,ERROR,"(PreconditionNotMet) Tensor holds no memory. Call Tensor::mutable_data firstly.
  [Hint: holder_ should not be null.] (at /paddle/paddle/phi/core/dense_tensor_impl.cc:44)
"
STD_GB_T_5332_2007,ERROR,"(PreconditionNotMet) Tensor holds no memory. Call Tensor::mutable_data firstly.
  [Hint: holder_ should not be null.] (at /paddle/paddle/phi/core/dense_tensor_impl.cc:44)
"
STD_GB_T_6543_2025,ERROR,"(PreconditionNotMet) Tensor holds no memory. Call Tensor::mutable_data firstly.
  [Hint: holder_ should not be null.] (at /paddle/paddle/phi/core/dense_tensor_impl.cc:44)
"
STD_GB_T_803_2008,ERROR,"(PreconditionNotMet) Tensor holds no memory. Call Tensor::mutable_data firstly.
  [Hint: holder_ should not be null.] (at /paddle/paddle/phi/core/dense_tensor_impl.cc:44)
"
STD_HG_2823_1997,ERROR,'doc_type'
STD_HG_T_20660_2017,ERROR,'doc_type'
STD_JT_T_1123_2017,ERROR,"(PreconditionNotMet) Tensor holds no memory. Call Tensor::mutable_data firstly.
  [Hint: holder_ should not be null.] (at /paddle/paddle/phi/core/dense_tensor_impl.cc:44)
"
STD_SN_T_0306.1_2024,ERROR,'doc_type'
STD_SN_T_0306.2_2024,ERROR,'doc_type'
STD_SN_T_0306.3_2024,ERROR,'doc_type'
STD_SN_T_0306.4_2024,ERROR,'doc_type'
STD_SN_T_0306.5_2024,ERROR,'doc_type'
STD_SN_T_0306.6_2024,ERROR,'doc_type'
STD_SN_T_0324_2014,ERROR,index 16 is out of bounds for axis 0 with size 16
STD_SN_T_0370.1_2009,ERROR,"(PreconditionNotMet) Tensor holds no memory. Call Tensor::mutable_data firstly.
  [Hint: holder_ should not be null.] (at /paddle/paddle/phi/core/dense_tensor_impl.cc:44)
"
STD_SN_T_0370.2_2009,ERROR,"(PreconditionNotMet) Tensor holds no memory. Call Tensor::mutable_data firstly.
  [Hint: holder_ should not be null.] (at /paddle/paddle/phi/core/dense_tensor_impl.cc:44)
"
STD_SN_T_0370.3_2012,ERROR,'doc_type'
STD_SN_T_0760.1_2017,ERROR,"(PreconditionNotMet) Tensor holds no memory. Call Tensor::mutable_data firstly.
  [Hint: holder_ should not be null.] (at /paddle/paddle/phi/core/dense_tensor_impl.cc:44)
"
STD_SN_T_0761.1_2011,ERROR,"(PreconditionNotMet) Tensor holds no memory. Call Tensor::mutable_data firstly.
  [Hint: holder_ should not be null.] (at /paddle/paddle/phi/core/dense_tensor_impl.cc:44)
"
STD_SN_T_0761.3_2011,ERROR,"(PreconditionNotMet) Tensor holds no memory. Call Tensor::mutable_data firstly.
  [Hint: holder_ should not be null.] (at /paddle/paddle/phi/core/dense_tensor_impl.cc:44)
"
STD_SN_T_0893_2000,ERROR,"(PreconditionNotMet) Tensor holds no memory. Call Tensor::mutable_data firstly.
  [Hint: holder_ should not be null.] (at /paddle/paddle/phi/core/dense_tensor_impl.cc:44)
"
STD_SN_T_0987.1_2013,ERROR,"(PreconditionNotMet) Tensor holds no memory. Call Tensor::mutable_data firstly.
  [Hint: holder_ should not be null.] (at /paddle/paddle/phi/core/dense_tensor_impl.cc:44)
"
STD_SN_T_0987.2_2014,ERROR,'doc_type'
STD_SN_T_0987.4_2013,ERROR,"(PreconditionNotMet) Tensor holds no memory. Call Tensor::mutable_data firstly.
  [Hint: holder_ should not be null.] (at /paddle/paddle/phi/core/dense_tensor_impl.cc:44)
"
STD_SN_T_0987.5_2013,ERROR,"(PreconditionNotMet) Tensor holds no memory. Call Tensor::mutable_data firstly.
  [Hint: holder_ should not be null.] (at /paddle/paddle/phi/core/dense_tensor_impl.cc:44)
"
STD_SN_T_0987.6_2013,ERROR,"(PreconditionNotMet) Tensor holds no memory. Call Tensor::mutable_data firstly.
  [Hint: holder_ should not be null.] (at /paddle/paddle/phi/core/dense_tensor_impl.cc:44)
"
STD_SN_T_0987.7_2013,ERROR,'doc_type'
STD_SN_T_0987.8_2013,ERROR,"(PreconditionNotMet) Tensor holds no memory. Call Tensor::mutable_data firstly.
  [Hint: holder_ should not be null.] (at /paddle/paddle/phi/core/dense_tensor_impl.cc:44)
"
STD_SN_T_1027_2015,ERROR,"(PreconditionNotMet) Tensor holds no memory. Call Tensor::mutable_data firstly.
  [Hint: holder_ should not be null.] (at /paddle/paddle/phi/core/dense_tensor_impl.cc:44)
"
STD_SN_T_1651_2017,ERROR,"(PreconditionNotMet) Tensor holds no memory. Call Tensor::mutable_data firstly.
  [Hint: holder_ should not be null.] (at /paddle/paddle/phi/core/dense_tensor_impl.cc:44)
"
STD_SN_T_1725_2006,ERROR,"(PreconditionNotMet) Tensor holds no memory. Call Tensor::mutable_data firstly.
  [Hint: holder_ should not be null.] (at /paddle/paddle/phi/core/dense_tensor_impl.cc:44)
"
STD_SN_T_1726_2015,ERROR,"(PreconditionNotMet) Tensor holds no memory. Call Tensor::mutable_data firstly.
  [Hint: holder_ should not be null.] (at /paddle/paddle/phi/core/dense_tensor_impl.cc:44)
"
STD_SN_T_1727_2006,ERROR,"(PreconditionNotMet) Tensor holds no memory. Call Tensor::mutable_data firstly.
  [Hint: holder_ should not be null.] (at /paddle/paddle/phi/core/dense_tensor_impl.cc:44)
"
STD_SN_T_1730.10_2014,ERROR,"(PreconditionNotMet) Tensor holds no memory. Call Tensor::mutable_data firstly.
  [Hint: holder_ should not be null.] (at /paddle/paddle/phi/core/dense_tensor_impl.cc:44)
"
STD_SN_T_1730.1_2006,ERROR,'doc_type'
STD_SN_T_1730.2_2006,ERROR,"(PreconditionNotMet) Tensor holds no memory. Call Tensor::mutable_data firstly.
  [Hint: holder_ should not be null.] (at /paddle/paddle/phi/core/dense_tensor_impl.cc:44)
"
STD_SN_T_1730.3_2006,ERROR,"(PreconditionNotMet) Tensor holds no memory. Call Tensor::mutable_data firstly.
  [Hint: holder_ should not be null.] (at /paddle/paddle/phi/core/dense_tensor_impl.cc:44)
"
STD_SN_T_1730.4_2006,ERROR,'doc_type'
STD_SN_T_1730.5_2006,ERROR,"(PreconditionNotMet) Tensor holds no memory. Call Tensor::mutable_data firstly.
  [Hint: holder_ should not be null.] (at /paddle/paddle/phi/core/dense_tensor_impl.cc:44)
"
STD_SN_T_1730.6_2006,ERROR,'doc_type'
STD_SN_T_1730.7_2006,ERROR,index 23 is out of bounds for axis 0 with size 23
STD_SN_T_1730.9_2014,ERROR,'doc_type'
STD_SN_T_1731.11_2014,ERROR,"(PreconditionNotMet) Tensor holds no memory. Call Tensor::mutable_data firstly.
  [Hint: holder_ should not be null.] (at /paddle/paddle/phi/core/dense_tensor_impl.cc:44)
"
STD_SN_T_1731.12_2014,ERROR,'doc_type'
STD_SN_T_1731.1_2006,ERROR,'doc_type'
STD_SN_T_1731.2_2015,ERROR,"(PreconditionNotMet) Tensor holds no memory. Call Tensor::mutable_data firstly.
  [Hint: holder_ should not be null.] (at /paddle/paddle/phi/core/dense_tensor_impl.cc:44)
"
STD_SN_T_1731.3_2006,ERROR,"(PreconditionNotMet) Tensor holds no memory. Call Tensor::mutable_data firstly.
  [Hint: holder_ should not be null.] (at /paddle/paddle/phi/core/dense_tensor_impl.cc:44)
"
STD_SN_T_1731.4_2006,ERROR,index 63 is out of bounds for axis 0 with size 63
STD_SN_T_1731.5_2006,ERROR,"(PreconditionNotMet) Tensor holds no memory. Call Tensor::mutable_data firstly.
  [Hint: holder_ should not be null.] (at /paddle/paddle/phi/core/dense_tensor_impl.cc:44)
"
STD_SN_T_1731.6_2006,ERROR,'doc_type'
STD_SN_T_1731.7_2006,ERROR,"(PreconditionNotMet) Tensor holds no memory. Call Tensor::mutable_data firstly.
  [Hint: holder_ should not be null.] (at /paddle/paddle/phi/core/dense_tensor_impl.cc:44)
"
STD_SN_T_1731.8_2006,ERROR,'doc_type'
STD_SN_T_1828.10_2019,ERROR,'doc_type'
STD_SN_T_1828.11_2019,ERROR,"(PreconditionNotMet) Tensor holds no memory. Call Tensor::mutable_data firstly.
  [Hint: holder_ should not be null.] (at /paddle/paddle/phi/core/dense_tensor_impl.cc:44)
"
STD_SN_T_1828.12_2019,ERROR,index 33 is out of bounds for axis 0 with size 33
STD_SN_T_1828.13_2019,ERROR,"(PreconditionNotMet) Tensor holds no memory. Call Tensor::mutable_data firstly.
  [Hint: holder_ should not be null.] (at /paddle/paddle/phi/core/dense_tensor_impl.cc:44)
"
STD_SN_T_1828.14_2006,ERROR,"(PreconditionNotMet) Tensor holds no memory. Call Tensor::mutable_data firstly.
  [Hint: holder_ should not be null.] (at /paddle/paddle/phi/core/dense_tensor_impl.cc:44)
"
STD_SN_T_1828.15_2016,ERROR,"(PreconditionNotMet) Tensor holds no memory. Call Tensor::mutable_data firstly.
  [Hint: holder_ should not be null.] (at /paddle/paddle/phi/core/dense_tensor_impl.cc:44)
"
STD_SN_T_1828.16_2019,ERROR,'doc_type'
STD_SN_T_1828.17_2013,ERROR,"(PreconditionNotMet) Tensor holds no memory. Call Tensor::mutable_data firstly.
  [Hint: holder_ should not be null.] (at /paddle/paddle/phi/core/dense_tensor_impl.cc:44)
"
STD_SN_T_1828.1_2017,ERROR,"(PreconditionNotMet) Tensor holds no memory. Call Tensor::mutable_data firstly.
  [Hint: holder_ should not be null.] (at /paddle/paddle/phi/core/dense_tensor_impl.cc:44)
"
STD_SN_T_1828.2_2019,ERROR,"(PreconditionNotMet) Tensor holds no memory. Call Tensor::mutable_data firstly.
  [Hint: holder_ should not be null.] (at /paddle/paddle/phi/core/dense_tensor_impl.cc:44)
"
STD_SN_T_1828.3_2019,ERROR,"(PreconditionNotMet) Tensor holds no memory. Call Tensor::mutable_data firstly.
  [Hint: holder_ should not be null.] (at /paddle/paddle/phi/core/dense_tensor_impl.cc:44)
"
STD_SN_T_1828.4_2013,ERROR,'doc_type'
STD_SN_T_1828.5_2019,ERROR,'doc_type'
STD_SN_T_1828.6_2019,ERROR,"(PreconditionNotMet) Tensor holds no memory. Call Tensor::mutable_data firstly.
  [Hint: holder_ should not be null.] (at /paddle/paddle/phi/core/dense_tensor_impl.cc:44)
"
STD_SN_T_1828.7_2013,ERROR,index 40 is out of bounds for axis 0 with size 40
STD_SN_T_1828.8_2019,ERROR,"(PreconditionNotMet) Tensor holds no memory. Call Tensor::mutable_data firstly.
  [Hint: holder_ should not be null.] (at /paddle/paddle/phi/core/dense_tensor_impl.cc:44)
"
STD_SN_T_1828.9_2019,ERROR,'doc_type'
STD_SN_T_1935.1_2007,ERROR,"(PreconditionNotMet) Tensor holds no memory. Call Tensor::mutable_data firstly.
  [Hint: holder_ should not be null.] (at /paddle/paddle/phi/core/dense_tensor_impl.cc:44)
"
STD_SN_T_1935.2_2007,ERROR,"(PreconditionNotMet) Tensor holds no memory. Call Tensor::mutable_data firstly.
  [Hint: holder_ should not be null.] (at /paddle/paddle/phi/core/dense_tensor_impl.cc:44)
"
STD_SN_T_1935.3_2007,ERROR,"(PreconditionNotMet) Tensor holds no memory. Call Tensor::mutable_data firstly.
  [Hint: holder_ should not be null.] (at /paddle/paddle/phi/core/dense_tensor_impl.cc:44)
"
STD_SN_T_1936.1_2007,ERROR,"(PreconditionNotMet) Tensor holds no memory. Call Tensor::mutable_data firstly.
  [Hint: holder_ should not be null.] (at /paddle/paddle/phi/core/dense_tensor_impl.cc:44)
"
STD_SN_T_1936.2_2007,ERROR,"(PreconditionNotMet) Tensor holds no memory. Call Tensor::mutable_data firstly.
  [Hint: holder_ should not be null.] (at /paddle/paddle/phi/core/dense_tensor_impl.cc:44)
"
STD_SN_T_1936.3_2007,ERROR,"(PreconditionNotMet) Tensor holds no memory. Call Tensor::mutable_data firstly.
  [Hint: holder_ should not be null.] (at /paddle/paddle/phi/core/dense_tensor_impl.cc:44)
"
STD_SN_T_2164_2008,ERROR,"(PreconditionNotMet) Tensor holds no memory. Call Tensor::mutable_data firstly.
  [Hint: holder_ should not be null.] (at /paddle/paddle/phi/core/dense_tensor_impl.cc:44)
"
STD_SN_T_2165_2008,ERROR,'doc_type'
STD_SN_T_2166_2008,ERROR,'doc_type'
STD_SN_T_2167_2008,ERROR,'doc_type'
STD_SN_T_2168_2008,ERROR,'doc_type'
STD_SN_T_2170_2008,ERROR,'doc_type'
STD_SN_T_2171_2008,ERROR,'doc_type'
STD_SN_T_2173_2008,ERROR,'doc_type'
STD_SN_T_2174_2008,ERROR,'doc_type'
STD_SN_T_2175_2008,ERROR,'doc_type'
STD_SN_T_2176_2008,ERROR,'doc_type'
STD_SN_T_2240_2008,ERROR,'doc_type'
STD_SN_T_2244_2009,ERROR,'doc_type'
STD_SN_T_2361.1_2009,ERROR,'doc_type'
STD_SN_T_2361.2_2009,ERROR,index 71 is out of bounds for axis 0 with size 71
STD_SN_T_2414.1_2010,ERROR,'doc_type'
STD_SN_T_2414.2_2010,ERROR,"(PreconditionNotMet) Tensor holds no memory. Call Tensor::mutable_data firstly.
  [Hint: holder_ should not be null.] (at /paddle/paddle/phi/core/dense_tensor_impl.cc:44)
"
STD_SN_T_2498.1_2010,ERROR,'doc_type'
STD_SN_T_2498.2_2010,ERROR,'doc_type'
STD_SN_T_2502_2010,ERROR,'doc_type'
STD_SN_T_2543_2010,ERROR,'doc_type'
STD_SN_T_2834_2011,ERROR,'doc_type'
STD_SN_T_2836_2011,ERROR,'doc_type'
STD_SN_T_2880_2011,ERROR,'doc_type'
STD_SN_T_2902_2011,ERROR,'doc_type'
STD_SN_T_3056.11_2011,ERROR,"(PreconditionNotMet) Tensor holds no memory. Call Tensor::mutable_data firstly.
  [Hint: holder_ should not be null.] (at /paddle/paddle/phi/core/dense_tensor_impl.cc:44)
"
STD_SN_T_3056.13_2011,ERROR,"(PreconditionNotMet) Tensor holds no memory. Call Tensor::mutable_data firstly.
  [Hint: holder_ should not be null.] (at /paddle/paddle/phi/core/dense_tensor_impl.cc:44)
"
STD_SN_T_3056.14_2011,ERROR,"(PreconditionNotMet) Tensor holds no memory. Call Tensor::mutable_data firstly.
  [Hint: holder_ should not be null.] (at /paddle/paddle/phi/core/dense_tensor_impl.cc:44)
"
STD_SN_T_3056.15_2011,ERROR,"(PreconditionNotMet) Tensor holds no memory. Call Tensor::mutable_data firstly.
  [Hint: holder_ should not be null.] (at /paddle/paddle/phi/core/dense_tensor_impl.cc:44)
"
STD_SN_T_3056.6_2011,ERROR,"(PreconditionNotMet) Tensor holds no memory. Call Tensor::mutable_data firstly.
  [Hint: holder_ should not be null.] (at /paddle/paddle/phi/core/dense_tensor_impl.cc:44)
"
STD_SN_T_3056.7_2011,ERROR,"(PreconditionNotMet) Tensor holds no memory. Call Tensor::mutable_data firstly.
  [Hint: holder_ should not be null.] (at /paddle/paddle/phi/core/dense_tensor_impl.cc:44)
"
STD_SN_T_3057.1_2011,ERROR,'doc_type'
STD_SN_T_3057.2_2011,ERROR,"(PreconditionNotMet) Tensor holds no memory. Call Tensor::mutable_data firstly.
  [Hint: holder_ should not be null.] (at /paddle/paddle/phi/core/dense_tensor_impl.cc:44)
"
STD_SN_T_3057.3_2013,ERROR,'doc_type'
STD_SN_T_3057.4_2013,ERROR,"(PreconditionNotMet) Tensor holds no memory. Call Tensor::mutable_data firstly.
  [Hint: holder_ should not be null.] (at /paddle/paddle/phi/core/dense_tensor_impl.cc:44)
"
STD_SN_T_3060_2011,ERROR,"(PreconditionNotMet) Tensor holds no memory. Call Tensor::mutable_data firstly.
  [Hint: holder_ should not be null.] (at /paddle/paddle/phi/core/dense_tensor_impl.cc:44)
"
STD_SN_T_3078.2_2015,ERROR,"(PreconditionNotMet) Tensor holds no memory. Call Tensor::mutable_data firstly.
  [Hint: holder_ should not be null.] (at /paddle/paddle/phi/core/dense_tensor_impl.cc:44)
"
STD_SN_T_3083.2_2012,ERROR,"(PreconditionNotMet) Tensor holds no memory. Call Tensor::mutable_data firstly.
  [Hint: holder_ should not be null.] (at /paddle/paddle/phi/core/dense_tensor_impl.cc:44)
"
STD_SN_T_3083.3_2017,ERROR,"(PreconditionNotMet) Tensor holds no memory. Call Tensor::mutable_data firstly.
  [Hint: holder_ should not be null.] (at /paddle/paddle/phi/core/dense_tensor_impl.cc:44)
"
STD_SN_T_3203_2012,ERROR,"(PreconditionNotMet) Tensor holds no memory. Call Tensor::mutable_data firstly.
  [Hint: holder_ should not be null.] (at /paddle/paddle/phi/core/dense_tensor_impl.cc:44)
"
STD_SN_T_3204_2012,ERROR,"(PreconditionNotMet) Tensor holds no memory. Call Tensor::mutable_data firstly.
  [Hint: holder_ should not be null.] (at /paddle/paddle/phi/core/dense_tensor_impl.cc:44)
"
STD_SN_T_3205_2012,ERROR,"(PreconditionNotMet) Tensor holds no memory. Call Tensor::mutable_data firstly.
  [Hint: holder_ should not be null.] (at /paddle/paddle/phi/core/dense_tensor_impl.cc:44)
"
STD_SN_T_3206_2012,ERROR,"(PreconditionNotMet) Tensor holds no memory. Call Tensor::mutable_data firstly.
  [Hint: holder_ should not be null.] (at /paddle/paddle/phi/core/dense_tensor_impl.cc:44)
"
STD_SN_T_3207_2012,ERROR,"(PreconditionNotMet) Tensor holds no memory. Call Tensor::mutable_data firstly.
  [Hint: holder_ should not be null.] (at /paddle/paddle/phi/core/dense_tensor_impl.cc:44)
"
STD_SN_T_3208_2012,ERROR,"(PreconditionNotMet) Tensor holds no memory. Call Tensor::mutable_data firstly.
  [Hint: holder_ should not be null.] (at /paddle/paddle/phi/core/dense_tensor_impl.cc:44)
"
STD_SN_T_3209_2012,ERROR,index 19 is out of bounds for axis 0 with size 19
STD_SN_T_3210_2012,ERROR,"(PreconditionNotMet) Tensor holds no memory. Call Tensor::mutable_data firstly.
  [Hint: holder_ should not be null.] (at /paddle/paddle/phi/core/dense_tensor_impl.cc:44)
"
STD_SN_T_3211_2012,ERROR,"(PreconditionNotMet) Tensor holds no memory. Call Tensor::mutable_data firstly.
  [Hint: holder_ should not be null.] (at /paddle/paddle/phi/core/dense_tensor_impl.cc:44)
"
STD_SN_T_3212_2012,ERROR,"(PreconditionNotMet) Tensor holds no memory. Call Tensor::mutable_data firstly.
  [Hint: holder_ should not be null.] (at /paddle/paddle/phi/core/dense_tensor_impl.cc:44)
"
STD_SN_T_3213_2012,ERROR,"(PreconditionNotMet) Tensor holds no memory. Call Tensor::mutable_data firstly.
  [Hint: holder_ should not be null.] (at /paddle/paddle/phi/core/dense_tensor_impl.cc:44)
"
STD_SN_T_3214_2012,ERROR,"(PreconditionNotMet) Tensor holds no memory. Call Tensor::mutable_data firstly.
  [Hint: holder_ should not be null.] (at /paddle/paddle/phi/core/dense_tensor_impl.cc:44)
"
STD_SN_T_3215_2012,ERROR,"(PreconditionNotMet) Tensor holds no memory. Call Tensor::mutable_data firstly.
  [Hint: holder_ should not be null.] (at /paddle/paddle/phi/core/dense_tensor_impl.cc:44)
"
STD_SN_T_3216_2012,ERROR,"(PreconditionNotMet) Tensor holds no memory. Call Tensor::mutable_data firstly.
  [Hint: holder_ should not be null.] (at /paddle/paddle/phi/core/dense_tensor_impl.cc:44)
"
STD_SN_T_3217_2012,ERROR,"(PreconditionNotMet) Tensor holds no memory. Call Tensor::mutable_data firstly.
  [Hint: holder_ should not be null.] (at /paddle/paddle/phi/core/dense_tensor_impl.cc:44)
"
STD_SN_T_3221_2012,ERROR,"(PreconditionNotMet) Tensor holds no memory. Call Tensor::mutable_data firstly.
  [Hint: holder_ should not be null.] (at /paddle/paddle/phi/core/dense_tensor_impl.cc:44)
"
STD_SN_T_3522_2013,ERROR,"(PreconditionNotMet) Tensor holds no memory. Call Tensor::mutable_data firstly.
  [Hint: holder_ should not be null.] (at /paddle/paddle/phi/core/dense_tensor_impl.cc:44)
"
STD_SN_T_3629_2013,ERROR,"(PreconditionNotMet) Tensor holds no memory. Call Tensor::mutable_data firstly.
  [Hint: holder_ should not be null.] (at /paddle/paddle/phi/core/dense_tensor_impl.cc:44)
"
STD_SN_T_3656.1_2013,ERROR,index 29 is out of bounds for axis 0 with size 29
STD_SN_T_3656.2_2013,ERROR,"(PreconditionNotMet) Tensor holds no memory. Call Tensor::mutable_data firstly.
  [Hint: holder_ should not be null.] (at /paddle/paddle/phi/core/dense_tensor_impl.cc:44)
"
STD_SN_T_3656.3_2013,ERROR,"(PreconditionNotMet) Tensor holds no memory. Call Tensor::mutable_data firstly.
  [Hint: holder_ should not be null.] (at /paddle/paddle/phi/core/dense_tensor_impl.cc:44)
"
STD_SN_T_3656.5_2013,ERROR,"(PreconditionNotMet) Tensor holds no memory. Call Tensor::mutable_data firstly.
  [Hint: holder_ should not be null.] (at /paddle/paddle/phi/core/dense_tensor_impl.cc:44)
"
STD_SN_T_3656.6_2013,ERROR,"(PreconditionNotMet) Tensor holds no memory. Call Tensor::mutable_data firstly.
  [Hint: holder_ should not be null.] (at /paddle/paddle/phi/core/dense_tensor_impl.cc:44)
"
STD_SN_T_3735_2013,ERROR,"(PreconditionNotMet) Tensor holds no memory. Call Tensor::mutable_data firstly.
  [Hint: holder_ should not be null.] (at /paddle/paddle/phi/core/dense_tensor_impl.cc:44)
"
STD_SN_T_4149_2015,ERROR,"(PreconditionNotMet) Tensor holds no memory. Call Tensor::mutable_data firstly.
  [Hint: holder_ should not be null.] (at /paddle/paddle/phi/core/dense_tensor_impl.cc:44)
"
STD_SN_T_4185_2015,ERROR,"(PreconditionNotMet) Tensor holds no memory. Call Tensor::mutable_data firstly.
  [Hint: holder_ should not be null.] (at /paddle/paddle/phi/core/dense_tensor_impl.cc:44)
"
STD_SN_T_4186_2015,ERROR,"(PreconditionNotMet) Tensor holds no memory. Call Tensor::mutable_data firstly.
  [Hint: holder_ should not be null.] (at /paddle/paddle/phi/core/dense_tensor_impl.cc:44)
"
STD_SN_T_4187_2015,ERROR,"(PreconditionNotMet) Tensor holds no memory. Call Tensor::mutable_data firstly.
  [Hint: holder_ should not be null.] (at /paddle/paddle/phi/core/dense_tensor_impl.cc:44)
"
STD_SN_T_4188_2015,ERROR,"(PreconditionNotMet) Tensor holds no memory. Call Tensor::mutable_data firstly.
  [Hint: holder_ should not be null.] (at /paddle/paddle/phi/core/dense_tensor_impl.cc:44)
"
STD_SN_T_4189_2015,ERROR,"(PreconditionNotMet) Tensor holds no memory. Call Tensor::mutable_data firstly.
  [Hint: holder_ should not be null.] (at /paddle/paddle/phi/core/dense_tensor_impl.cc:44)
"
STD_SN_T_4190_2015,ERROR,"(PreconditionNotMet) Tensor holds no memory. Call Tensor::mutable_data firstly.
  [Hint: holder_ should not be null.] (at /paddle/paddle/phi/core/dense_tensor_impl.cc:44)
"
STD_SN_T_4191_2015,ERROR,"(PreconditionNotMet) Tensor holds no memory. Call Tensor::mutable_data firstly.
  [Hint: holder_ should not be null.] (at /paddle/paddle/phi/core/dense_tensor_impl.cc:44)
"
STD_SN_T_4192_2015,ERROR,"(PreconditionNotMet) Tensor holds no memory. Call Tensor::mutable_data firstly.
  [Hint: holder_ should not be null.] (at /paddle/paddle/phi/core/dense_tensor_impl.cc:44)
"
STD_SN_T_4193_2015,ERROR,"(PreconditionNotMet) Tensor holds no memory. Call Tensor::mutable_data firstly.
  [Hint: holder_ should not be null.] (at /paddle/paddle/phi/core/dense_tensor_impl.cc:44)
"
STD_SN_T_4194_2015,ERROR,"(PreconditionNotMet) Tensor holds no memory. Call Tensor::mutable_data firstly.
  [Hint: holder_ should not be null.] (at /paddle/paddle/phi/core/dense_tensor_impl.cc:44)
"
STD_SN_T_4195_2015,ERROR,"(PreconditionNotMet) Tensor holds no memory. Call Tensor::mutable_data firstly.
  [Hint: holder_ should not be null.] (at /paddle/paddle/phi/core/dense_tensor_impl.cc:44)
"
STD_SN_T_4196_2015,ERROR,"(PreconditionNotMet) Tensor holds no memory. Call Tensor::mutable_data firstly.
  [Hint: holder_ should not be null.] (at /paddle/paddle/phi/core/dense_tensor_impl.cc:44)
"
STD_SN_T_4197_2015,ERROR,"(PreconditionNotMet) Tensor holds no memory. Call Tensor::mutable_data firstly.
  [Hint: holder_ should not be null.] (at /paddle/paddle/phi/core/dense_tensor_impl.cc:44)
"
STD_SN_T_4198_2015,ERROR,"(PreconditionNotMet) Tensor holds no memory. Call Tensor::mutable_data firstly.
  [Hint: holder_ should not be null.] (at /paddle/paddle/phi/core/dense_tensor_impl.cc:44)
"
STD_SN_T_4199_2015,ERROR,"(PreconditionNotMet) Tensor holds no memory. Call Tensor::mutable_data firstly.
  [Hint: holder_ should not be null.] (at /paddle/paddle/phi/core/dense_tensor_impl.cc:44)
"
STD_SN_T_4200_2015,ERROR,index 39 is out of bounds for axis 0 with size 39
STD_SN_T_4201_2015,ERROR,"(PreconditionNotMet) Tensor holds no memory. Call Tensor::mutable_data firstly.
  [Hint: holder_ should not be null.] (at /paddle/paddle/phi/core/dense_tensor_impl.cc:44)
"
STD_SN_T_4202_2015,ERROR,index 10 is out of bounds for axis 0 with size 10
STD_SN_T_4203_2015,ERROR,"(PreconditionNotMet) Tensor holds no memory. Call Tensor::mutable_data firstly.
  [Hint: holder_ should not be null.] (at /paddle/paddle/phi/core/dense_tensor_impl.cc:44)
"
STD_SN_T_4204_2015,ERROR,"(PreconditionNotMet) Tensor holds no memory. Call Tensor::mutable_data firstly.
  [Hint: holder_ should not be null.] (at /paddle/paddle/phi/core/dense_tensor_impl.cc:44)
"
STD_SN_T_4205_2015,ERROR,"(PreconditionNotMet) Tensor holds no memory. Call Tensor::mutable_data firstly.
  [Hint: holder_ should not be null.] (at /paddle/paddle/phi/core/dense_tensor_impl.cc:44)
"
STD_SN_T_4206_2015,ERROR,"(PreconditionNotMet) Tensor holds no memory. Call Tensor::mutable_data firstly.
  [Hint: holder_ should not be null.] (at /paddle/paddle/phi/core/dense_tensor_impl.cc:44)
"
STD_SN_T_4207_2015,ERROR,"(PreconditionNotMet) Tensor holds no memory. Call Tensor::mutable_data firstly.
  [Hint: holder_ should not be null.] (at /paddle/paddle/phi/core/dense_tensor_impl.cc:44)
"
STD_SN_T_4208_2015,ERROR,"(PreconditionNotMet) Tensor holds no memory. Call Tensor::mutable_data firstly.
  [Hint: holder_ should not be null.] (at /paddle/paddle/phi/core/dense_tensor_impl.cc:44)
"
STD_SN_T_4209_2015,ERROR,"(PreconditionNotMet) Tensor holds no memory. Call Tensor::mutable_data firstly.
  [Hint: holder_ should not be null.] (at /paddle/paddle/phi/core/dense_tensor_impl.cc:44)
"
STD_SN_T_4210_2015,ERROR,"(PreconditionNotMet) Tensor holds no memory. Call Tensor::mutable_data firstly.
  [Hint: holder_ should not be null.] (at /paddle/paddle/phi/core/dense_tensor_impl.cc:44)
"
STD_SN_T_4211_2015,ERROR,"(PreconditionNotMet) Tensor holds no memory. Call Tensor::mutable_data firstly.
  [Hint: holder_ should not be null.] (at /paddle/paddle/phi/core/dense_tensor_impl.cc:44)
"
STD_SN_T_4212_2015,ERROR,"(PreconditionNotMet) Tensor holds no memory. Call Tensor::mutable_data firstly.
  [Hint: holder_ should not be null.] (at /paddle/paddle/phi/core/dense_tensor_impl.cc:44)
"
STD_SN_T_4213_2015,ERROR,"(PreconditionNotMet) Tensor holds no memory. Call Tensor::mutable_data firstly.
  [Hint: holder_ should not be null.] (at /paddle/paddle/phi/core/dense_tensor_impl.cc:44)
"
STD_SN_T_4214_2015,ERROR,index 98 is out of bounds for axis 0 with size 98
STD_SN_T_4215_2015,ERROR,"(PreconditionNotMet) Tensor holds no memory. Call Tensor::mutable_data firstly.
  [Hint: holder_ should not be null.] (at /paddle/paddle/phi/core/dense_tensor_impl.cc:44)
"
STD_SN_T_4216_2015,ERROR,"(PreconditionNotMet) Tensor holds no memory. Call Tensor::mutable_data firstly.
  [Hint: holder_ should not be null.] (at /paddle/paddle/phi/core/dense_tensor_impl.cc:44)
"
STD_SN_T_4217_2015,ERROR,"(PreconditionNotMet) Tensor holds no memory. Call Tensor::mutable_data firstly.
  [Hint: holder_ should not be null.] (at /paddle/paddle/phi/core/dense_tensor_impl.cc:44)
"
STD_SN_T_4218_2015,ERROR,"(PreconditionNotMet) Tensor holds no memory. Call Tensor::mutable_data firstly.
  [Hint: holder_ should not be null.] (at /paddle/paddle/phi/core/dense_tensor_impl.cc:44)
"
STD_SN_T_4219_2015,ERROR,"(PreconditionNotMet) Tensor holds no memory. Call Tensor::mutable_data firstly.
  [Hint: holder_ should not be null.] (at /paddle/paddle/phi/core/dense_tensor_impl.cc:44)
"
STD_SN_T_4220_2015,ERROR,"(PreconditionNotMet) Tensor holds no memory. Call Tensor::mutable_data firstly.
  [Hint: holder_ should not be null.] (at /paddle/paddle/phi/core/dense_tensor_impl.cc:44)
"
STD_SN_T_4221_2015,ERROR,"(PreconditionNotMet) Tensor holds no memory. Call Tensor::mutable_data firstly.
  [Hint: holder_ should not be null.] (at /paddle/paddle/phi/core/dense_tensor_impl.cc:44)
"
STD_SN_T_4222_2015,ERROR,"(PreconditionNotMet) Tensor holds no memory. Call Tensor::mutable_data firstly.
  [Hint: holder_ should not be null.] (at /paddle/paddle/phi/core/dense_tensor_impl.cc:44)
"
STD_SN_T_4223_2015,ERROR,"(PreconditionNotMet) Tensor holds no memory. Call Tensor::mutable_data firstly.
  [Hint: holder_ should not be null.] (at /paddle/paddle/phi/core/dense_tensor_impl.cc:44)
"
STD_SN_T_4224_2015,ERROR,index 13 is out of bounds for axis 0 with size 13
STD_SN_T_4225_2015,ERROR,"(PreconditionNotMet) Tensor holds no memory. Call Tensor::mutable_data firstly.
  [Hint: holder_ should not be null.] (at /paddle/paddle/phi/core/dense_tensor_impl.cc:44)
"
STD_SN_T_4226_2015,ERROR,"(PreconditionNotMet) Tensor holds no memory. Call Tensor::mutable_data firstly.
  [Hint: holder_ should not be null.] (at /paddle/paddle/phi/core/dense_tensor_impl.cc:44)
"
STD_SN_T_4227_2015,ERROR,"(PreconditionNotMet) Tensor holds no memory. Call Tensor::mutable_data firstly.
  [Hint: holder_ should not be null.] (at /paddle/paddle/phi/core/dense_tensor_impl.cc:44)
"
STD_SN_T_4228_2015,ERROR,"(PreconditionNotMet) Tensor holds no memory. Call Tensor::mutable_data firstly.
  [Hint: holder_ should not be null.] (at /paddle/paddle/phi/core/dense_tensor_impl.cc:44)
"
STD_SN_T_4229_2015,ERROR,index 11 is out of bounds for axis 0 with size 11
STD_SN_T_4469_2016,ERROR,"(PreconditionNotMet) Tensor holds no memory. Call Tensor::mutable_data firstly.
  [Hint: holder_ should not be null.] (at /paddle/paddle/phi/core/dense_tensor_impl.cc:44)
"
STD_SN_T_4470_2016,ERROR,"(PreconditionNotMet) Tensor holds no memory. Call Tensor::mutable_data firstly.
  [Hint: holder_ should not be null.] (at /paddle/paddle/phi/core/dense_tensor_impl.cc:44)
"
STD_SN_T_4471_2016,ERROR,"(PreconditionNotMet) Tensor holds no memory. Call Tensor::mutable_data firstly.
  [Hint: holder_ should not be null.] (at /paddle/paddle/phi/core/dense_tensor_impl.cc:44)
"
STD_SN_T_4472_2016,ERROR,index 7 is out of bounds for axis 0 with size 7
STD_SN_T_4473_2016,ERROR,"(PreconditionNotMet) Tensor holds no memory. Call Tensor::mutable_data firstly.
  [Hint: holder_ should not be null.] (at /paddle/paddle/phi/core/dense_tensor_impl.cc:44)
"
STD_SN_T_4474_2016,ERROR,"(PreconditionNotMet) Tensor holds no memory. Call Tensor::mutable_data firstly.
  [Hint: holder_ should not be null.] (at /paddle/paddle/phi/core/dense_tensor_impl.cc:44)
"
STD_SN_T_4475_2016,ERROR,"(PreconditionNotMet) Tensor holds no memory. Call Tensor::mutable_data firstly.
  [Hint: holder_ should not be null.] (at /paddle/paddle/phi/core/dense_tensor_impl.cc:44)
"
STD_SN_T_4476_2016,ERROR,"(PreconditionNotMet) Tensor holds no memory. Call Tensor::mutable_data firstly.
  [Hint: holder_ should not be null.] (at /paddle/paddle/phi/core/dense_tensor_impl.cc:44)
"
STD_SN_T_4477_2016,ERROR,"(PreconditionNotMet) Tensor holds no memory. Call Tensor::mutable_data firstly.
  [Hint: holder_ should not be null.] (at /paddle/paddle/phi/core/dense_tensor_impl.cc:44)
"
STD_SN_T_4478_2016,ERROR,"(PreconditionNotMet) Tensor holds no memory. Call Tensor::mutable_data firstly.
  [Hint: holder_ should not be null.] (at /paddle/paddle/phi/core/dense_tensor_impl.cc:44)
"
STD_SN_T_4608_2016,ERROR,"(PreconditionNotMet) Tensor holds no memory. Call Tensor::mutable_data firstly.
  [Hint: holder_ should not be null.] (at /paddle/paddle/phi/core/dense_tensor_impl.cc:44)
"
STD_SN_T_4787_2017,ERROR,"(PreconditionNotMet) Tensor holds no memory. Call Tensor::mutable_data firstly.
  [Hint: holder_ should not be null.] (at /paddle/paddle/phi/core/dense_tensor_impl.cc:44)
"
STD_SN_T_4854_2017,ERROR,"(PreconditionNotMet) Tensor holds no memory. Call Tensor::mutable_data firstly.
  [Hint: holder_ should not be null.] (at /paddle/paddle/phi/core/dense_tensor_impl.cc:44)
"
STD_SN_T_4855_2017,ERROR,"(PreconditionNotMet) Tensor holds no memory. Call Tensor::mutable_data firstly.
  [Hint: holder_ should not be null.] (at /paddle/paddle/phi/core/dense_tensor_impl.cc:44)
"
STD_SN_T_4856_2017,ERROR,"(PreconditionNotMet) Tensor holds no memory. Call Tensor::mutable_data firstly.
  [Hint: holder_ should not be null.] (at /paddle/paddle/phi/core/dense_tensor_impl.cc:44)
"
STD_SN_T_4897_2017,ERROR,"(PreconditionNotMet) Tensor holds no memory. Call Tensor::mutable_data firstly.
  [Hint: holder_ should not be null.] (at /paddle/paddle/phi/core/dense_tensor_impl.cc:44)
"
STD_SN_T_4898_2017,ERROR,"(PreconditionNotMet) Tensor holds no memory. Call Tensor::mutable_data firstly.
  [Hint: holder_ should not be null.] (at /paddle/paddle/phi/core/dense_tensor_impl.cc:44)
"
STD_SN_T_5273_2020,ERROR,"(PreconditionNotMet) Tensor holds no memory. Call Tensor::mutable_data firstly.
  [Hint: holder_ should not be null.] (at /paddle/paddle/phi/core/dense_tensor_impl.cc:44)
"
STD_SY_5436_2016,ERROR,"(PreconditionNotMet) Tensor holds no memory. Call Tensor::mutable_data firstly.
  [Hint: holder_ should not be null.] (at /paddle/paddle/phi/core/dense_tensor_impl.cc:44)
"
STD_SY_5857_2013,ERROR,"(PreconditionNotMet) Tensor holds no memory. Call Tensor::mutable_data firstly.
  [Hint: holder_ should not be null.] (at /paddle/paddle/phi/core/dense_tensor_impl.cc:44)
"
STD_SY_6501_2010,ERROR,"(PreconditionNotMet) Tensor holds no memory. Call Tensor::mutable_data firstly.
  [Hint: holder_ should not be null.] (at /paddle/paddle/phi/core/dense_tensor_impl.cc:44)
"
STD_SY_T_5497_2018,ERROR,"(PreconditionNotMet) Tensor holds no memory. Call Tensor::mutable_data firstly.
  [Hint: holder_ should not be null.] (at /paddle/paddle/phi/core/dense_tensor_impl.cc:44)
"
STD_SY_T_5857_2025,ERROR,"(PreconditionNotMet) Tensor holds no memory. Call Tensor::mutable_data firstly.
  [Hint: holder_ should not be null.] (at /paddle/paddle/phi/core/dense_tensor_impl.cc:44)
"
STD_SY_T_6273_2024,ERROR,"(PreconditionNotMet) Tensor holds no memory. Call Tensor::mutable_data firstly.
  [Hint: holder_ should not be null.] (at /paddle/paddle/phi/core/dense_tensor_impl.cc:44)
"
STD_SY_T_6515_2010,ERROR,"(PreconditionNotMet) Tensor holds no memory. Call Tensor::mutable_data firstly.
  [Hint: holder_ should not be null.] (at /paddle/paddle/phi/core/dense_tensor_impl.cc:44)
"
STD_SY_T_6753_2023,ERROR,'doc_type'
STD_SY_T_7433_2018,ERROR,"(PreconditionNotMet) Tensor holds no memory. Call Tensor::mutable_data firstly.
  [Hint: holder_ should not be null.] (at /paddle/paddle/phi/core/dense_tensor_impl.cc:44)
"
STD_SY_T_7676_2022,ERROR,index 14 is out of bounds for axis 0 with size 14
STD_T_CCSAS_022_2022,ERROR,'doc_type'
STD_T_CCSAS_047_2023,ERROR,'doc_type'
STD_T_CCSAS_048_2023,ERROR,"(PreconditionNotMet) Tensor holds no memory. Call Tensor::mutable_data firstly.
  [Hint: holder_ should not be null.] (at /paddle/paddle/phi/core/dense_tensor_impl.cc:44)
"
STD_T_CCSAS_055_2025,ERROR,'doc_type'
STD_T_CCSAS_057_2025,ERROR,'doc_type'
STD_WJ_T_9085_2024,ERROR,'doc_type'
STD_WJ_T_9103_2024,ERROR,'doc_type'
STD_WJ_T_9104_2024,ERROR,'doc_type'
STD_WJ_T_9105_2024,ERROR,'doc_type'
STD_WJ_T_9106_2024,ERROR,'doc_type'
STD_XF_T_536.1_2013,ERROR,"(PreconditionNotMet) Tensor holds no memory. Call Tensor::mutable_data firstly.
  [Hint: holder_ should not be null.] (at /paddle/paddle/phi/core/dense_tensor_impl.cc:44)
"
STD_XF_T_536.2_2005,ERROR,'doc_type'
STD_XF_T_536.3_2005,ERROR,"(PreconditionNotMet) Tensor holds no memory. Call Tensor::mutable_data firstly.
  [Hint: holder_ should not be null.] (at /paddle/paddle/phi/core/dense_tensor_impl.cc:44)
"
STD_XF_T_536.4_2005,ERROR,'doc_type'
STD_XF_T_536.5_2005,ERROR,index 21 is out of bounds for axis 0 with size 21
STD_XF_T_536.6_2010,ERROR,"(PreconditionNotMet) Tensor holds no memory. Call Tensor::mutable_data firstly.
  [Hint: holder_ should not be null.] (at /paddle/paddle/phi/core/dense_tensor_impl.cc:44)
"
STD_YB_T_4490_2015,ERROR,"(PreconditionNotMet) Tensor holds no memory. Call Tensor::mutable_data firstly.
  [Hint: holder_ should not be null.] (at /paddle/paddle/phi/core/dense_tensor_impl.cc:44)
"
