file_id,file_name,file_path,file_ext,file_size,source_type,is_image_dir,page_count,parse_status,parse_method,corrupted,error
ACC_97a2d0e30b77802f,中试实验室爆炸2人死亡，宝鸡康乐生物公司“10·31”爆炸事故报告公布.docx,/root/autodl-tmp/chemical_kb/data/pdf/事故/中试实验室爆炸2人死亡，宝鸡康乐生物公司“10·31”爆炸事故报告公布.docx,docx,49263,accident,False,,pending,,False,
ACC_5f3f7a419d9819a1,中卫联合新澧化工 “8·29”煤气发生炉爆炸事故调查报告.docx,/root/autodl-tmp/chemical_kb/data/pdf/事故/中卫联合新澧化工 “8·29”煤气发生炉爆炸事故调查报告.docx,docx,50140,accident,False,,pending,,False,
ACC_a1969b9692cbbb5e,重庆涪陵重庆常捷医药有限公司 “3·5”一般容器爆炸事故调查报告.pdf,/root/autodl-tmp/chemical_kb/data/pdf/事故/重庆涪陵重庆常捷医药有限公司 “3·5”一般容器爆炸事故调查报告.pdf,pdf,1532343,accident,False,,pending,,False,
ACC_d075115739026729,重庆市涪陵区鹏凯精细化工 “4·23”压力容器一般相关爆炸事故调查报告.docx,/root/autodl-tmp/chemical_kb/data/pdf/事故/重庆市涪陵区鹏凯精细化工 “4·23”压力容器一般相关爆炸事故调查报告.docx,docx,1728717,accident,False,,pending,,False,
ACC_d8d56ce02e03c002,珠海长炼石化“1·14”燃爆事故调查报告发布，总经理被追刑责.docx,/root/autodl-tmp/chemical_kb/data/pdf/事故/珠海长炼石化“1·14”燃爆事故调查报告发布，总经理被追刑责.docx,docx,59081,accident,False,,pending,,False,
ACC_ea777278ebe5b793,煮洗锅爆炸致3人死亡！湖北襄阳老河口雪飞化工公司“5·9”爆炸事故报告公布.pdf,/root/autodl-tmp/chemical_kb/data/pdf/事故/煮洗锅爆炸致3人死亡！湖北襄阳老河口雪飞化工公司“5·9”爆炸事故报告公布.pdf,pdf,9135699,accident,False,,pending,,False,
ACC_d94495a90a395de6,注水系统管理不到位致1死1伤！雅克拉采气厂“2·9”爆炸事故报告.pdf,/root/autodl-tmp/chemical_kb/data/pdf/事故/注水系统管理不到位致1死1伤！雅克拉采气厂“2·9”爆炸事故报告.pdf,pdf,1605301,accident,False,,pending,,False,
ACC_079f0344a601a660,淄博峻辰新材料科技有限公司“4·29”一般火灾事故调查报告公布.pdf,/root/autodl-tmp/chemical_kb/data/pdf/事故/淄博峻辰新材料科技有限公司“4·29”一般火灾事故调查报告公布.pdf,pdf,10061668,accident,False,,pending,,False,
ACC_844435de125dc425,淄博淄川淄博正拓气体有限公司“2·26”一般气体闪爆事故调查报告.docx,/root/autodl-tmp/chemical_kb/data/pdf/事故/淄博淄川淄博正拓气体有限公司“2·26”一般气体闪爆事故调查报告.docx,docx,21921,accident,False,,pending,,False,
ACC_9ff709766c9f71cb,“施救不当”再敲警钟！安徽司尔特“6·7”中毒窒息事故调查报告公布.pdf,/root/autodl-tmp/chemical_kb/data/pdf/事故/“施救不当”再敲警钟！安徽司尔特“6·7”中毒窒息事故调查报告公布.pdf,pdf,3725570,accident,False,,pending,,False,
ACC_f3b65d8423a8e266,【3.4珠海华丰纸业调查报告】闪爆引发高坠致6人死亡，29人被追责！（看事故学承包商安全管理知识）.docx,/root/autodl-tmp/chemical_kb/data/pdf/事故/【3.4珠海华丰纸业调查报告】闪爆引发高坠致6人死亡，29人被追责！（看事故学承包商安全管理知识）.docx,docx,48883,accident,False,,pending,,False,
ACC_92f9bbab3c229a90,【视频+图解】天津港“8·12”爆炸事故调查报告全文公布.docx,/root/autodl-tmp/chemical_kb/data/pdf/事故/【视频+图解】天津港“8·12”爆炸事故调查报告全文公布.docx,docx,45784,accident,False,,pending,,False,
ACC_7e8c4266be484f10,1人死亡！新疆广汇煤炭清洁炼化公司“3·7”高处坠落事故报告公布.docx,/root/autodl-tmp/chemical_kb/data/pdf/事故/1人死亡！新疆广汇煤炭清洁炼化公司“3·7”高处坠落事故报告公布.docx,docx,49390,accident,False,,pending,,False,
ACC_ed55772b06b8acbf,1人坠池5人施救，6人遇难！这起中毒窒息事故调查报告公布.pdf,/root/autodl-tmp/chemical_kb/data/pdf/事故/1人坠池5人施救，6人遇难！这起中毒窒息事故调查报告公布.pdf,pdf,3929795,accident,False,,pending,,False,
ACC_48f536b86b6e65f0,1死1伤！哈密润达能源开发公司“3·5”中毒窒息事故报告公布.docx,/root/autodl-tmp/chemical_kb/data/pdf/事故/1死1伤！哈密润达能源开发公司“3·5”中毒窒息事故报告公布.docx,docx,49549,accident,False,,pending,,False,
ACC_9aaf3453709cd546,1死1伤！江苏优嘉植物保护公司“6.17”爆燃事故调查报告公布.pdf,/root/autodl-tmp/chemical_kb/data/pdf/事故/1死1伤！江苏优嘉植物保护公司“6.17”爆燃事故调查报告公布.pdf,pdf,4540339,accident,False,,pending,,False,
ACC_50c3a460c329656d,1死1伤！云南大为制焦公司“1·15”高处坠落事故报告公布.pdf,/root/autodl-tmp/chemical_kb/data/pdf/事故/1死1伤！云南大为制焦公司“1·15”高处坠落事故报告公布.pdf,pdf,5539380,accident,False,,pending,,False,
ACC_78c6d062a4030433,1死2伤！贵州璟和化学工业公司 “4·15”灼烫事故调查报告公布.docx,/root/autodl-tmp/chemical_kb/data/pdf/事故/1死2伤！贵州璟和化学工业公司 “4·15”灼烫事故调查报告公布.docx,docx,47846,accident,False,,pending,,False,
ACC_65c1716586c653cc,1死2伤！泰航新材料公司“7·18”爆炸事故调查报告公布.pdf,/root/autodl-tmp/chemical_kb/data/pdf/事故/1死2伤！泰航新材料公司“7·18”爆炸事故调查报告公布.pdf,pdf,1598386,accident,False,,pending,,False,
ACC_71b1fca6f70b374c,2人死亡！河北沧州港鑫化工厂“6•5”爆炸事故调查报告公布.docx,/root/autodl-tmp/chemical_kb/data/pdf/事故/2人死亡！河北沧州港鑫化工厂“6•5”爆炸事故调查报告公布.docx,docx,47206,accident,False,,pending,,False,
ACC_4a1c673f4d92d455,2死2伤！上海睿腾医药科技公司“3·24”爆炸事故调查报告公布.pdf,/root/autodl-tmp/chemical_kb/data/pdf/事故/2死2伤！上海睿腾医药科技公司“3·24”爆炸事故调查报告公布.pdf,pdf,5646435,accident,False,,pending,,False,
ACC_e42a6f21c178b7f8,2死3伤！新疆康义化学公司“8·16”闪爆事故调查报告公布.pdf,/root/autodl-tmp/chemical_kb/data/pdf/事故/2死3伤！新疆康义化学公司“8·16”闪爆事故调查报告公布.pdf,pdf,9591216,accident,False,,pending,,False,
ACC_6947edc874e4692f,3死1伤！锦州天龙新材料公司“8·18”较大中毒和窒息事故报告公布.pdf,/root/autodl-tmp/chemical_kb/data/pdf/事故/3死1伤！锦州天龙新材料公司“8·18”较大中毒和窒息事故报告公布.pdf,pdf,7830912,accident,False,,pending,,False,
ACC_e6f690012a043ab5,4人死亡！厦门金达威维生素公司“1·11”较大闪爆事故调查报告公布.pdf,/root/autodl-tmp/chemical_kb/data/pdf/事故/4人死亡！厦门金达威维生素公司“1·11”较大闪爆事故调查报告公布.pdf,pdf,8661532,accident,False,,pending,,False,
ACC_bec795d88d6c8f9b,5死10伤！辽宁先达“2·11”爆炸事故调查报告公布.docx,/root/autodl-tmp/chemical_kb/data/pdf/事故/5死10伤！辽宁先达“2·11”爆炸事故调查报告公布.docx,docx,45024,accident,False,,pending,,False,
ACC_74b1780513beb2d1,5死12伤！鑫广绿环“12·12”危废处置中毒事故调查报告出炉！.docx,/root/autodl-tmp/chemical_kb/data/pdf/事故/5死12伤！鑫广绿环“12·12”危废处置中毒事故调查报告出炉！.docx,docx,52397,accident,False,,pending,,False,
ACC_23a84d8f5e7a90ac,6人死亡！四川“6·13”污水处理站中毒窒息事故调查报告公布！.docx,/root/autodl-tmp/chemical_kb/data/pdf/事故/6人死亡！四川“6·13”污水处理站中毒窒息事故调查报告公布！.docx,docx,49562,accident,False,,pending,,False,
ACC_aaf0af3cc8da49ab,6死4伤! 仙桃市蓝化有机硅有限公司“8·3”较大爆炸事故调查报告发布.docx,/root/autodl-tmp/chemical_kb/data/pdf/事故/6死4伤! 仙桃市蓝化有机硅有限公司“8·3”较大爆炸事故调查报告发布.docx,docx,54371,accident,False,,pending,,False,
ACC_1871e0afe5dd098c,7死2伤！北海液化天然气有限责任公司“11·2”较大着火事故调查报告发布.docx,/root/autodl-tmp/chemical_kb/data/pdf/事故/7死2伤！北海液化天然气有限责任公司“11·2”较大着火事故调查报告发布.docx,docx,45572,accident,False,,pending,,False,
ACC_06e084a8b806e588,8人受伤，36辆车被烧毁！这起油罐车冒罐燃烧事故调查报告公布.pdf,/root/autodl-tmp/chemical_kb/data/pdf/事故/8人受伤，36辆车被烧毁！这起油罐车冒罐燃烧事故调查报告公布.pdf,pdf,4024893,accident,False,,pending,,False,
ACC_d7fed30ea5b89c26,9人死亡！贵阳经开区“6·12”较大中毒和窒息事故调查报告发布！.pdf,/root/autodl-tmp/chemical_kb/data/pdf/事故/9人死亡！贵阳经开区“6·12”较大中毒和窒息事故调查报告发布！.pdf,pdf,7591738,accident,False,,pending,,False,
ACC_ecd6623024be06a5,10人被处理，厂长追刑责！衡水凯德污水处理有限公司“5·12” 中毒事故调查报告公布.docx,/root/autodl-tmp/chemical_kb/data/pdf/事故/10人被处理，厂长追刑责！衡水凯德污水处理有限公司“5·12” 中毒事故调查报告公布.docx,docx,52112,accident,False,,pending,,False,
ACC_ecf75466be701290,12名县级以上干部被处罚，滨州高新区“8.7”较大危化品事故调查报告公布！.docx,/root/autodl-tmp/chemical_kb/data/pdf/事故/12名县级以上干部被处罚，滨州高新区“8.7”较大危化品事故调查报告公布！.docx,docx,54396,accident,False,,pending,,False,
ACC_d45c0de31d470b7d,14人被追责！大连石化“8·17”事故调查报告批复.docx,/root/autodl-tmp/chemical_kb/data/pdf/事故/14人被追责！大连石化“8·17”事故调查报告批复.docx,docx,42079,accident,False,,pending,,False,
ACC_a99c66676e30384c,15死16重伤！义马气化厂“7·19”重大爆炸事故调查报告公布.pdf,/root/autodl-tmp/chemical_kb/data/pdf/事故/15死16重伤！义马气化厂“7·19”重大爆炸事故调查报告公布.pdf,pdf,8414461,accident,False,,pending,,False,
ACC_1135bd1262e4129b,19死12伤！四川宜宾恒达科技“7•12”重大爆炸着火事故调查报告公布.pdf,/root/autodl-tmp/chemical_kb/data/pdf/事故/19死12伤！四川宜宾恒达科技“7•12”重大爆炸着火事故调查报告公布.pdf,pdf,9266961,accident,False,,pending,,False,
ACC_40d237b3814217b0,40人被问责，10死9伤临沂金誉石化“6.5”罐车泄漏重大爆炸着火事故调查报告公布.docx,/root/autodl-tmp/chemical_kb/data/pdf/事故/40人被问责，10死9伤临沂金誉石化“6.5”罐车泄漏重大爆炸着火事故调查报告公布.docx,docx,58621,accident,False,,pending,,False,
ACC_0759c1428d9ec3eb,58人被问责！造成22人死亡，4人重伤的湖北当阳“8·11”重大高压蒸汽管道裂爆事故调查报告公布!.docx,/root/autodl-tmp/chemical_kb/data/pdf/事故/58人被问责！造成22人死亡，4人重伤的湖北当阳“8·11”重大高压蒸汽管道裂爆事故调查报告公布!.docx,docx,66620,accident,False,,pending,,False,
ACC_3adf3b020f1be126,S3集气处理站”2·9“事故调查报告.pdf,/root/autodl-tmp/chemical_kb/data/pdf/事故/S3集气处理站”2·9“事故调查报告.pdf,pdf,342141,accident,False,,pending,,False,
ACC_2632c04cdd45b9db,安徽阜阳杭摩科技新材料（阜阳）有限公司“10•20”较大触电事故调查报告公布.pdf,/root/autodl-tmp/chemical_kb/data/pdf/事故/安徽阜阳杭摩科技新材料（阜阳）有限公司“10•20”较大触电事故调查报告公布.pdf,pdf,10897945,accident,False,,pending,,False,
ACC_ad5ff57215ddd320,安徽昊源化工“5·11”较大中毒和窒息事故调查报告公布.docx,/root/autodl-tmp/chemical_kb/data/pdf/事故/安徽昊源化工“5·11”较大中毒和窒息事故调查报告公布.docx,docx,41286,accident,False,,pending,,False,
ACC_3eb1d4faf86dc86d,安徽晶华新材料科技有限公司“5•21”一般爆燃事故调查报告公布.pdf,/root/autodl-tmp/chemical_kb/data/pdf/事故/安徽晶华新材料科技有限公司“5•21”一般爆燃事故调查报告公布.pdf,pdf,12111023,accident,False,,pending,,False,
ACC_ed3b9ab55b019b3e,安徽瑞然生物药肥科技有限公司“2·16”容器爆炸事故调查报告.pdf,/root/autodl-tmp/chemical_kb/data/pdf/事故/安徽瑞然生物药肥科技有限公司“2·16”容器爆炸事故调查报告.pdf,pdf,833439,accident,False,,pending,,False,
ACC_a1be65544e26bada,安徽省发布马鞍山金星钛白“3•10”较大中毒和窒息事故调查报告.pdf,/root/autodl-tmp/chemical_kb/data/pdf/事故/安徽省发布马鞍山金星钛白“3•10”较大中毒和窒息事故调查报告.pdf,pdf,5429051,accident,False,,pending,,False,
ACC_a54a2bc1a40d7745,安徽宿州“8·6”有限空间作业硫化氢中毒事故调查报告公布.pdf,/root/autodl-tmp/chemical_kb/data/pdf/事故/安徽宿州“8·6”有限空间作业硫化氢中毒事故调查报告公布.pdf,pdf,4131801,accident,False,,pending,,False,
ACC_794f4a493115cfc2,宝鸡康乐生物“10·31”爆炸事故报告.docx,/root/autodl-tmp/chemical_kb/data/pdf/事故/宝鸡康乐生物“10·31”爆炸事故报告.docx,docx,19613,accident,False,,pending,,False,
ACC_0b55e9a12f56210e,爆燃致1死！中山奕安泰医药科技公司起火事故调查报告公布.pdf,/root/autodl-tmp/chemical_kb/data/pdf/事故/爆燃致1死！中山奕安泰医药科技公司起火事故调查报告公布.pdf,pdf,3884581,accident,False,,pending,,False,
ACC_efa55290016c1b97,北京长峰医院“4·18”重大火灾事故调查报告公布（附调查组答记者问）.pdf,/root/autodl-tmp/chemical_kb/data/pdf/事故/北京长峰医院“4·18”重大火灾事故调查报告公布（附调查组答记者问）.pdf,pdf,7891440,accident,False,,pending,,False,
ACC_ac390b1c3b69236d,变更不辨识风险致2死2伤！内蒙古利元科技“3·19”爆炸事故报告公布.pdf,/root/autodl-tmp/chemical_kb/data/pdf/事故/变更不辨识风险致2死2伤！内蒙古利元科技“3·19”爆炸事故报告公布.pdf,pdf,8473279,accident,False,,pending,,False,
ACC_b0ffc8c56664f6a4,沧州渤海新区黄骅市信诺立兴（黄骅市）集团股份有限公司“3˙8”较大闪爆事故调查报告.pdf,/root/autodl-tmp/chemical_kb/data/pdf/事故/沧州渤海新区黄骅市信诺立兴（黄骅市）集团股份有限公司“3˙8”较大闪爆事故调查报告.pdf,pdf,315093,accident,False,,pending,,False,
ACC_eb5397fb6bbf7a8c,昌明药业“11·20”较大爆燃事故调查报告公布！.docx,/root/autodl-tmp/chemical_kb/data/pdf/事故/昌明药业“11·20”较大爆燃事故调查报告公布！.docx,docx,49580,accident,False,,pending,,False,
ACC_ac7127fe8b49c1c7,朝阳金垚化学产品有限公司“10·15” 较大中毒事故调查报告.docx,/root/autodl-tmp/chemical_kb/data/pdf/事故/朝阳金垚化学产品有限公司“10·15” 较大中毒事故调查报告.docx,docx,50941,accident,False,,pending,,False,
ACC_4abf9878725f236e,达拉特旗内蒙古亿利化学工业有限公司 “10·1”一般中毒和窒息事故调查报告.pdf,/root/autodl-tmp/chemical_kb/data/pdf/事故/达拉特旗内蒙古亿利化学工业有限公司 “10·1”一般中毒和窒息事故调查报告.pdf,pdf,451352,accident,False,,pending,,False,
ACC_1f6a00493ef39c16,大庆市肇州县大庆康尼瑞生物科技公司“4·21”锅炉爆炸事故调查报告公布.pdf,/root/autodl-tmp/chemical_kb/data/pdf/事故/大庆市肇州县大庆康尼瑞生物科技公司“4·21”锅炉爆炸事故调查报告公布.pdf,pdf,7969511,accident,False,,pending,,False,
ACC_64e8a93ec1f7e294,带电检维修引发事故 大江贸易 “11·22”一般爆燃事故调查报告公布.pdf,/root/autodl-tmp/chemical_kb/data/pdf/事故/带电检维修引发事故 大江贸易 “11·22”一般爆燃事故调查报告公布.pdf,pdf,2718091,accident,False,,pending,,False,
ACC_e5f2cf7753fcde15,带压堵漏致2死1伤！淄博正拓“2·26”一般气体闪爆事故调查报告公布.docx,/root/autodl-tmp/chemical_kb/data/pdf/事故/带压堵漏致2死1伤！淄博正拓“2·26”一般气体闪爆事故调查报告公布.docx,docx,49327,accident,False,,pending,,False,
ACC_14353ef84eeb9f98,氮气泄漏至呼吸用压缩空气管线致3死3伤！江西隆莱生物制药“12·31”较大事故报告.pdf,/root/autodl-tmp/chemical_kb/data/pdf/事故/氮气泄漏至呼吸用压缩空气管线致3死3伤！江西隆莱生物制药“12·31”较大事故报告.pdf,pdf,6849830,accident,False,,pending,,False,
ACC_011e1ecb49a4cfc4,氮气窒息致3人死亡！甘肃宏汇能源化工公司“6·11”中毒事故报告公布.docx,/root/autodl-tmp/chemical_kb/data/pdf/事故/氮气窒息致3人死亡！甘肃宏汇能源化工公司“6·11”中毒事故报告公布.docx,docx,41489,accident,False,,pending,,False,
ACC_17b06e86fb5ae8d2,德城区宜惠河于庄排污泵站“7·25”较大中毒事故调查报告发布！.pdf,/root/autodl-tmp/chemical_kb/data/pdf/事故/德城区宜惠河于庄排污泵站“7·25”较大中毒事故调查报告发布！.pdf,pdf,2771724,accident,False,,pending,,False,
ACC_350ac86b036c5a24,调查报告 宜春江西樟树春江精细化工“3•3”一般中毒窒息事故.docx,/root/autodl-tmp/chemical_kb/data/pdf/事故/调查报告 宜春江西樟树春江精细化工“3•3”一般中毒窒息事故.docx,docx,44873,accident,False,,pending,,False,
ACC_48c1e88c2615e355,鼎睿石化“5·31”火灾事故调查报告公布.docx,/root/autodl-tmp/chemical_kb/data/pdf/事故/鼎睿石化“5·31”火灾事故调查报告公布.docx,docx,59768,accident,False,,pending,,False,
ACC_906bf0b57510a3be,东营市山东滨源“8•31”重大爆炸事故调查报告（全文）.docx,/root/autodl-tmp/chemical_kb/data/pdf/事故/东营市山东滨源“8•31”重大爆炸事故调查报告（全文）.docx,docx,55374,accident,False,,pending,,False,
ACC_6fbd6504c5a6522d,对设备设施维护不力！安徽马钢化工能源科技公司“6·17”中毒事故调查报告公布.pdf,/root/autodl-tmp/chemical_kb/data/pdf/事故/对设备设施维护不力！安徽马钢化工能源科技公司“6·17”中毒事故调查报告公布.pdf,pdf,3311195,accident,False,,pending,,False,
ACC_2b0c938e8871feea,吨桶倒料产静电致物料爆燃!洛阳宸岳化工“10·11”火灾事故报告公布.pdf,/root/autodl-tmp/chemical_kb/data/pdf/事故/吨桶倒料产静电致物料爆燃!洛阳宸岳化工“10·11”火灾事故报告公布.pdf,pdf,4297381,accident,False,,pending,,False,
ACC_d81abe9f3dc21611,反应釜爆炸致3人死亡！自贡富顺西艾氟科技公司“5·3”爆炸事故报告公布.pdf,/root/autodl-tmp/chemical_kb/data/pdf/事故/反应釜爆炸致3人死亡！自贡富顺西艾氟科技公司“5·3”爆炸事故报告公布.pdf,pdf,4287529,accident,False,,pending,,False,
ACC_e2bc3f09bf83ad3f,非法生产3死3伤！菏泽帝捷化工“4·22”较大爆炸事故报告公布.pdf,/root/autodl-tmp/chemical_kb/data/pdf/事故/非法生产3死3伤！菏泽帝捷化工“4·22”较大爆炸事故报告公布.pdf,pdf,3919975,accident,False,,pending,,False,
ACC_83439f1a0140f404,非法生产致1死3伤！重庆常捷医药“3·5”反应釜爆炸事故调查报告.docx,/root/autodl-tmp/chemical_kb/data/pdf/事故/非法生产致1死3伤！重庆常捷医药“3·5”反应釜爆炸事故调查报告.docx,docx,53688,accident,False,,pending,,False,
ACC_aa2c8bec8e00533d,非法生产致2死2伤！浙江大川新材料“8·28”一般爆炸事故报告公布.pdf,/root/autodl-tmp/chemical_kb/data/pdf/事故/非法生产致2死2伤！浙江大川新材料“8·28”一般爆炸事故报告公布.pdf,pdf,5417848,accident,False,,pending,,False,
ACC_b435a4598d511f2b,非法生产致3死2伤！新乡获嘉大鑫化工“7·23”较大爆炸事故报告公布.pdf,/root/autodl-tmp/chemical_kb/data/pdf/事故/非法生产致3死2伤！新乡获嘉大鑫化工“7·23”较大爆炸事故报告公布.pdf,pdf,3467866,accident,False,,pending,,False,
ACC_517bfb770ffccff0,非法生产致4人死亡！滁州来安“6·29”较大爆燃事故报告公布.pdf,/root/autodl-tmp/chemical_kb/data/pdf/事故/非法生产致4人死亡！滁州来安“6·29”较大爆燃事故报告公布.pdf,pdf,12207899,accident,False,,pending,,False,
ACC_6a2931455cf9ac98,非法试生产致2死1伤！山西晋晟新能源公司“1·9”爆炸事故报告公布.pdf,/root/autodl-tmp/chemical_kb/data/pdf/事故/非法试生产致2死1伤！山西晋晟新能源公司“1·9”爆炸事故报告公布.pdf,pdf,7470261,accident,False,,pending,,False,
ACC_ffa07f9235ea9c54,福建泉州中化学天辰“12·20”一般泄漏爆炸事故调查报告公布.pdf,/root/autodl-tmp/chemical_kb/data/pdf/事故/福建泉州中化学天辰“12·20”一般泄漏爆炸事故调查报告公布.pdf,pdf,4144904,accident,False,,pending,,False,
ACC_e599a26646cc5335,工艺变更管理不到位致1死3伤！漯河美迪康生物科技公司“4·30”爆燃事故报告公布.pdf,/root/autodl-tmp/chemical_kb/data/pdf/事故/工艺变更管理不到位致1死3伤！漯河美迪康生物科技公司“4·30”爆燃事故报告公布.pdf,pdf,6850290,accident,False,,pending,,False,
ACC_09ec70f0fd658ef4,工艺变更未论证和风险评估！江苏神华药业“3·7”较大爆炸事故报告公布.pdf,/root/autodl-tmp/chemical_kb/data/pdf/事故/工艺变更未论证和风险评估！江苏神华药业“3·7”较大爆炸事故报告公布.pdf,pdf,2010211,accident,False,,pending,,False,
ACC_ad2729adb4392c9a,公布 5死的山东华沃水泥公司“8·19”较大中毒事故调查报告公布.docx,/root/autodl-tmp/chemical_kb/data/pdf/事故/公布 5死的山东华沃水泥公司“8·19”较大中毒事故调查报告公布.docx,docx,50419,accident,False,,pending,,False,
ACC_e4733f92e5cb63bf,广西平果和泰科技有限公司“7•10”一般灼烫事故调查报告.docx,/root/autodl-tmp/chemical_kb/data/pdf/事故/广西平果和泰科技有限公司“7•10”一般灼烫事故调查报告.docx,docx,1799460,accident,False,,pending,,False,
ACC_fb17b454b77435f8,广州石化“11·27”火灾事故调查报告公布.pdf,/root/autodl-tmp/chemical_kb/data/pdf/事故/广州石化“11·27”火灾事故调查报告公布.pdf,pdf,4698568,accident,False,,pending,,False,
ACC_72a865f9e1a101e7,广州增城“9·16”较大爆燃事故调查报告.pdf,/root/autodl-tmp/chemical_kb/data/pdf/事故/广州增城“9·16”较大爆燃事故调查报告.pdf,pdf,1190618,accident,False,,pending,,False,
ACC_e047ed9c7598ad6c,贵州璟和化学工业有限责任公司 “4·15”灼烫事故调查报告.docx,/root/autodl-tmp/chemical_kb/data/pdf/事故/贵州璟和化学工业有限责任公司 “4·15”灼烫事故调查报告.docx,docx,20460,accident,False,,pending,,False,
ACC_487539a407579ec4,哈密市伊吾县哈密润达能源开发有限公司“3·5”一般中毒和窒息事故调查报告.docx,/root/autodl-tmp/chemical_kb/data/pdf/事故/哈密市伊吾县哈密润达能源开发有限公司“3·5”一般中毒和窒息事故调查报告.docx,docx,24298,accident,False,,pending,,False,
ACC_ec17f359227dbc09,哈密市伊吾县新疆广汇煤炭清洁炼化有限责任公司“3·7”一般高处坠落事故调查报告.docx,/root/autodl-tmp/chemical_kb/data/pdf/事故/哈密市伊吾县新疆广汇煤炭清洁炼化有限责任公司“3·7”一般高处坠落事故调查报告.docx,docx,23331,accident,False,,pending,,False,
ACC_40717ae319507da2,焊接堵漏闪爆！滁州市定远县“2021·4·7”较大闪爆事故调查报告公布.docx,/root/autodl-tmp/chemical_kb/data/pdf/事故/焊接堵漏闪爆！滁州市定远县“2021·4·7”较大闪爆事故调查报告公布.docx,docx,41603,accident,False,,pending,,False,
ACC_a3cfa945b2126e8e,合成釜尾气管道未隔离致1死1伤！杭州宝晶生物公司“7·10”事故报告公布.pdf,/root/autodl-tmp/chemical_kb/data/pdf/事故/合成釜尾气管道未隔离致1死1伤！杭州宝晶生物公司“7·10”事故报告公布.pdf,pdf,2113701,accident,False,,pending,,False,
ACC_e1e5c3feb5f78151,河北沧州港鑫化工厂“6•5”爆炸事故调查报告.docx,/root/autodl-tmp/chemical_kb/data/pdf/事故/河北沧州港鑫化工厂“6•5”爆炸事故调查报告.docx,docx,19219,accident,False,,pending,,False,
ACC_2311e2d09b0db7f7,河北张家口市怀来县长城生物“7•22”较大中毒窒息事故调查报告.docx,/root/autodl-tmp/chemical_kb/data/pdf/事故/河北张家口市怀来县长城生物“7•22”较大中毒窒息事故调查报告.docx,docx,37266,accident,False,,pending,,False,
ACC_3ddff0fa0c8d7047,河北张家口致24死重大爆燃事故调查报告发布：涉事公司瞒报.pdf,/root/autodl-tmp/chemical_kb/data/pdf/事故/河北张家口致24死重大爆燃事故调查报告发布：涉事公司瞒报.pdf,pdf,4617530,accident,False,,pending,,False,
ACC_d115ba9a234bfe04,河南安阳市凯信达商贸有限公司“11·21”特别重大火灾事故调查报告公布.pdf,/root/autodl-tmp/chemical_kb/data/pdf/事故/河南安阳市凯信达商贸有限公司“11·21”特别重大火灾事故调查报告公布.pdf,pdf,8060103,accident,False,,pending,,False,
ACC_b0c09ef22f0f55df,河南顺达新能源“1·14”较大窒息事故调查报告公布.pdf,/root/autodl-tmp/chemical_kb/data/pdf/事故/河南顺达新能源“1·14”较大窒息事故调查报告公布.pdf,pdf,5327666,accident,False,,pending,,False,
ACC_b4554dfc5608c9dd,河南尉氏县旭梅（开封）生物科技 “6·26”较大燃爆事故调查报告.pdf,/root/autodl-tmp/chemical_kb/data/pdf/事故/河南尉氏县旭梅（开封）生物科技 “6·26”较大燃爆事故调查报告.pdf,pdf,4866225,accident,False,,pending,,False,
ACC_4dc4c60c63212114,河南宇锐化工科技有限公司“3·31” 中毒事故调查报告.pdf,/root/autodl-tmp/chemical_kb/data/pdf/事故/河南宇锐化工科技有限公司“3·31” 中毒事故调查报告.pdf,pdf,11652625,accident,False,,pending,,False,
ACC_3586b72227226641,菏泽巨野菏泽帝捷化工股份有限公司“4·22”较大爆炸事故调查报告.pdf,/root/autodl-tmp/chemical_kb/data/pdf/事故/菏泽巨野菏泽帝捷化工股份有限公司“4·22”较大爆炸事故调查报告.pdf,pdf,704003,accident,False,,pending,,False,
ACC_7299ae134a1cdc6d,菏泽鄄城非法生产窝点“1·20”较大爆炸着火事故调查报告公布.pdf,/root/autodl-tmp/chemical_kb/data/pdf/事故/菏泽鄄城非法生产窝点“1·20”较大爆炸着火事故调查报告公布.pdf,pdf,10465520,accident,False,,pending,,False,
ACC_dcfeae5b2ac15af5,鹤壁山城鹤鑫化工有限责任公司“9·29”较大中毒事故调查报告.pdf.pdf,/root/autodl-tmp/chemical_kb/data/pdf/事故/鹤壁山城鹤鑫化工有限责任公司“9·29”较大中毒事故调查报告.pdf.pdf,pdf,1229481,accident,False,,pending,,False,
ACC_78e6ef7b508a0163,很水武建民纤维素有限公司“5·30”煮洗釜爆炸较大事故调查报告.pdf,/root/autodl-tmp/chemical_kb/data/pdf/事故/很水武建民纤维素有限公司“5·30”煮洗釜爆炸较大事故调查报告.pdf,pdf,2352606,accident,False,,pending,,False,
ACC_07a84c4fe7b618c1,恒诚金属制品有限公司“4·9” 较大气瓶爆炸事故调查报告公布.docx,/root/autodl-tmp/chemical_kb/data/pdf/事故/恒诚金属制品有限公司“4·9” 较大气瓶爆炸事故调查报告公布.docx,docx,50994,accident,False,,pending,,False,
ACC_bbb885e405766409,衡阳市黎达化工有限公司“7·23” 一般爆炸事故调查报告.docx,/root/autodl-tmp/chemical_kb/data/pdf/事故/衡阳市黎达化工有限公司“7·23” 一般爆炸事故调查报告.docx,docx,1322860,accident,False,,pending,,False,
ACC_2fd98c9afb941874,厚成科技（南通）有限公司“12·9”中毒事故调查报告公布！班组长、生产经理全部入刑！.docx,/root/autodl-tmp/chemical_kb/data/pdf/事故/厚成科技（南通）有限公司“12·9”中毒事故调查报告公布！班组长、生产经理全部入刑！.docx,docx,46813,accident,False,,pending,,False,
ACC_8a95d8c3e8167b4a,湖南湘锂新材料有限责任公司 “7･24”闪爆事故调查报告公布.docx,/root/autodl-tmp/chemical_kb/data/pdf/事故/湖南湘锂新材料有限责任公司 “7･24”闪爆事故调查报告公布.docx,docx,48438,accident,False,,pending,,False,
ACC_277b7eca26ddace3,湖州长兴浙江大川新材料股份有限公司“8·28”一般爆炸事故调查报告.pdf,/root/autodl-tmp/chemical_kb/data/pdf/事故/湖州长兴浙江大川新材料股份有限公司“8·28”一般爆炸事故调查报告.pdf,pdf,2443562,accident,False,,pending,,False,
ACC_816d25a51078a7d0,惠阳平潭惠州市贝斯特膜业有限公司“1·12”一般亡人事故调查报告.pdf,/root/autodl-tmp/chemical_kb/data/pdf/事故/惠阳平潭惠州市贝斯特膜业有限公司“1·12”一般亡人事故调查报告.pdf,pdf,1429444,accident,False,,pending,,False,
ACC_013178bfc16f8129,惠州市贝斯特膜业公司“1·12”亡人事故调查报告公布.docx,/root/autodl-tmp/chemical_kb/data/pdf/事故/惠州市贝斯特膜业公司“1·12”亡人事故调查报告公布.docx,docx,48696,accident,False,,pending,,False,
ACC_44cd07a1979401ae,混合气闪爆致2人死亡！浙江捷达科技公司“7·12”爆炸事故报告.pdf,/root/autodl-tmp/chemical_kb/data/pdf/事故/混合气闪爆致2人死亡！浙江捷达科技公司“7·12”爆炸事故报告.pdf,pdf,6734076,accident,False,,pending,,False,
ACC_e40eb34291d4a61f,济宁邹城山东吉田生物科技有限公司“3·20”一般中毒事故调查报告.pdf,/root/autodl-tmp/chemical_kb/data/pdf/事故/济宁邹城山东吉田生物科技有限公司“3·20”一般中毒事故调查报告.pdf,pdf,1613304,accident,False,,pending,,False,
ACC_96047265e0d39775,嘉峪关甘肃宏汇能源化工有限公司“6·11”较大中毒窒息事故调查报告.pdf,/root/autodl-tmp/chemical_kb/data/pdf/事故/嘉峪关甘肃宏汇能源化工有限公司“6·11”较大中毒窒息事故调查报告.pdf,pdf,4024023,accident,False,,pending,,False,
ACC_f592c70e62b3a7b9,建德经济开发区浙江新安迈图有机硅有限责任公司“9·15”一般灼烫事故调查报告.doc,/root/autodl-tmp/chemical_kb/data/pdf/事故/建德经济开发区浙江新安迈图有机硅有限责任公司“9·15”一般灼烫事故调查报告.doc,doc,11328512,accident,False,,pending,,False,
ACC_3704f1e034e8f628,江苏德桥仓储有限公司“4•22”较大火灾事故调查报告.docx,/root/autodl-tmp/chemical_kb/data/pdf/事故/江苏德桥仓储有限公司“4•22”较大火灾事故调查报告.docx,docx,52813,accident,False,,pending,,False,
ACC_d553763f9c29081e,江苏响水“3·21”特别重大爆炸事故调查报告公布.pdf,/root/autodl-tmp/chemical_kb/data/pdf/事故/江苏响水“3·21”特别重大爆炸事故调查报告公布.pdf,pdf,12273879,accident,False,,pending,,False,
ACC_ada91a25adb0f947,刻意瞒报事故，破坏事故现场！江西宏利化工“5·23”燃爆事故调查报告.docx,/root/autodl-tmp/chemical_kb/data/pdf/事故/刻意瞒报事故，破坏事故现场！江西宏利化工“5·23”燃爆事故调查报告.docx,docx,54576,accident,False,,pending,,False,
ACC_a030f2ee2135bb7f,宽甸东镁化工厂“4·17”中毒和窒息一般事故调查报告公布.docx,/root/autodl-tmp/chemical_kb/data/pdf/事故/宽甸东镁化工厂“4·17”中毒和窒息一般事故调查报告公布.docx,docx,45389,accident,False,,pending,,False,
ACC_cd40ee5985164ea4,兰州新区甘肃滨农科技有限公司“6·16”较大爆炸事故调查报告公布.pdf,/root/autodl-tmp/chemical_kb/data/pdf/事故/兰州新区甘肃滨农科技有限公司“6·16”较大爆炸事故调查报告公布.pdf,pdf,12416478,accident,False,,pending,,False,
ACC_518565864ca42b74,连云港“12·9”重大爆炸事故调查报告公布45人被追责！.docx,/root/autodl-tmp/chemical_kb/data/pdf/事故/连云港“12·9”重大爆炸事故调查报告公布45人被追责！.docx,docx,64616,accident,False,,pending,,False,
ACC_90fcdf84562ac596,辽宁北方煤化工“5·31”中毒窒息事故报告.docx,/root/autodl-tmp/chemical_kb/data/pdf/事故/辽宁北方煤化工“5·31”中毒窒息事故报告.docx,docx,16043,accident,False,,pending,,False,
ACC_598e058a44da2108,辽宁崇宇化工产品生产有限责任公司 “6·1”一般窒息事故报告发布.docx,/root/autodl-tmp/chemical_kb/data/pdf/事故/辽宁崇宇化工产品生产有限责任公司 “6·1”一般窒息事故报告发布.docx,docx,46513,accident,False,,pending,,False,
ACC_5cda47facc47855a,辽宁盘锦浩业化工有限公司“1·15”重大爆炸着火事故调查报告公布.pdf,/root/autodl-tmp/chemical_kb/data/pdf/事故/辽宁盘锦浩业化工有限公司“1·15”重大爆炸着火事故调查报告公布.pdf,pdf,17538182,accident,False,,pending,,False,
ACC_12f48016c433820b,辽宁众辉生物科技有限公司“5·26”一般爆炸事故调查报告发布.pdf,/root/autodl-tmp/chemical_kb/data/pdf/事故/辽宁众辉生物科技有限公司“5·26”一般爆炸事故调查报告发布.pdf,pdf,5190348,accident,False,,pending,,False,
ACC_0aa18bac259141bb,硫酸罐冒罐致5死3伤！鹤壁鹤鑫化工“9·29”较大中毒事故报告.pdf,/root/autodl-tmp/chemical_kb/data/pdf/事故/硫酸罐冒罐致5死3伤！鹤壁鹤鑫化工“9·29”较大中毒事故报告.pdf,pdf,5295885,accident,False,,pending,,False,
ACC_948d87a341e97030,鲁西双氧水新材料科技有限公司“5·1”重大爆炸着火事故调查报告公布.pdf,/root/autodl-tmp/chemical_kb/data/pdf/事故/鲁西双氧水新材料科技有限公司“5·1”重大爆炸着火事故调查报告公布.pdf,pdf,17730640,accident,False,,pending,,False,
ACC_f2e522b40cc03130,洛阳孟津河南宸岳化工有限公司“10·11”一般火灾事故调查报告.pdf,/root/autodl-tmp/chemical_kb/data/pdf/事故/洛阳孟津河南宸岳化工有限公司“10·11”一般火灾事故调查报告.pdf,pdf,584555,accident,False,,pending,,False,
ACC_76862b31e4345028,吕梁市普尔特药胶生产有限公司“3·23”较大中毒窒息事故调查报告公布.docx,/root/autodl-tmp/chemical_kb/data/pdf/事故/吕梁市普尔特药胶生产有限公司“3·23”较大中毒窒息事故调查报告公布.docx,docx,49101,accident,False,,pending,,False,
ACC_ca0182a7eeb6e29c,茂名石化“6·8”泄漏起火事故调查报告公布.docx,/root/autodl-tmp/chemical_kb/data/pdf/事故/茂名石化“6·8”泄漏起火事故调查报告公布.docx,docx,41261,accident,False,,pending,,False,
ACC_f38e7e54c2da06af,南昌进贤江西隆莱生物制药有限公司“12·31”较大窒息事故调查报告.pdf,/root/autodl-tmp/chemical_kb/data/pdf/事故/南昌进贤江西隆莱生物制药有限公司“12·31”较大窒息事故调查报告.pdf,pdf,7507554,accident,False,,pending,,False,
ACC_503fc33690971be6,内蒙古自治区公布亿鼎生态 “9·7”重大高压气体泄漏事故调查报告.pdf,/root/autodl-tmp/chemical_kb/data/pdf/事故/内蒙古自治区公布亿鼎生态 “9·7”重大高压气体泄漏事故调查报告.pdf,pdf,12058675,accident,False,,pending,,False,
ACC_6aeacb19fe723c21,宁波科元公司“5·6”爆燃事故调查报告公布！.docx,/root/autodl-tmp/chemical_kb/data/pdf/事故/宁波科元公司“5·6”爆燃事故调查报告公布！.docx,docx,49846,accident,False,,pending,,False,
ACC_2693da32efc71a48,宁国市安徽司尔特化肥科技有限公司“6•7”一般中毒窒息事故调查报告.pdf,/root/autodl-tmp/chemical_kb/data/pdf/事故/宁国市安徽司尔特化肥科技有限公司“6•7”一般中毒窒息事故调查报告.pdf,pdf,1607867,accident,False,,pending,,False,
ACC_0d8785b9a725cdef,攀枝花钒钛高新区攀枝花能缘化工有限公司“7·1”一般淹溺事故调查报告.docx,/root/autodl-tmp/chemical_kb/data/pdf/事故/攀枝花钒钛高新区攀枝花能缘化工有限公司“7·1”一般淹溺事故调查报告.docx,docx,1300993,accident,False,,pending,,False,
ACC_b04d8cf265258fc8,黔西南普安建鑫资源发展公司“4·18”较大中毒和窒息事故调查报告公布.pdf,/root/autodl-tmp/chemical_kb/data/pdf/事故/黔西南普安建鑫资源发展公司“4·18”较大中毒和窒息事故调查报告公布.pdf,pdf,11239880,accident,False,,pending,,False,
ACC_7d4e81ffc3c2cbea,衢州市衢江区“11·5”爆炸事故调查报告.docx,/root/autodl-tmp/chemical_kb/data/pdf/事故/衢州市衢江区“11·5”爆炸事故调查报告.docx,docx,73696,accident,False,,pending,,False,
ACC_aa76907ac753bc37,融汇化工“8·29”氯气泄漏事故报告发布.docx,/root/autodl-tmp/chemical_kb/data/pdf/事故/融汇化工“8·29”氯气泄漏事故报告发布.docx,docx,55538,accident,False,,pending,,False,
ACC_27c68d03197dc617,如东洋口江苏优嘉植物保护有限公司“6.17”一般爆燃事故调查报告.pdf,/root/autodl-tmp/chemical_kb/data/pdf/事故/如东洋口江苏优嘉植物保护有限公司“6.17”一般爆燃事故调查报告.pdf,pdf,3838115,accident,False,,pending,,False,
ACC_57e599e9a46aa8f5,厦门海沧厦门中坤生物科技有限公司“8·12”一般火灾事故调查报告.pdf,/root/autodl-tmp/chemical_kb/data/pdf/事故/厦门海沧厦门中坤生物科技有限公司“8·12”一般火灾事故调查报告.pdf,pdf,3039092,accident,False,,pending,,False,
ACC_3eb84ef6b474468c,山东临沂“2·3”较大爆燃事故调查报告发布.docx,/root/autodl-tmp/chemical_kb/data/pdf/事故/山东临沂“2·3”较大爆燃事故调查报告发布.docx,docx,55784,accident,False,,pending,,False,
ACC_593056ffcec36736,山东批复“金海翔”号货轮“5·25”重大事故调查报告（附报告全文）.pdf,/root/autodl-tmp/chemical_kb/data/pdf/事故/山东批复“金海翔”号货轮“5·25”重大事故调查报告（附报告全文）.pdf,pdf,7744598,accident,False,,pending,,False,
ACC_980bbcb78133098d,山东四方安装工程有限公司“7·26”较大爆燃事故调查报告发布.pdf,/root/autodl-tmp/chemical_kb/data/pdf/事故/山东四方安装工程有限公司“7·26”较大爆燃事故调查报告发布.pdf,pdf,3502815,accident,False,,pending,,False,
ACC_e7e87facd00a1c93,山东友道化学有限公司“5·27”重大爆炸事故调查报告公布（全文可下载）.pdf,/root/autodl-tmp/chemical_kb/data/pdf/事故/山东友道化学有限公司“5·27”重大爆炸事故调查报告公布（全文可下载）.pdf,pdf,20691735,accident,False,,pending,,False,
ACC_a1a5576948c1ddac,山东中武化工有限公司“2·28”一般火灾事故调查报告公布.docx,/root/autodl-tmp/chemical_kb/data/pdf/事故/山东中武化工有限公司“2·28”一般火灾事故调查报告公布.docx,docx,47596,accident,False,,pending,,False,
ACC_7e3fc7ddfb9c29d2,山西临汾染化（集团）有限责任公司“12.28”较大爆炸事故调查报告.pdf,/root/autodl-tmp/chemical_kb/data/pdf/事故/山西临汾染化（集团）有限责任公司“12.28”较大爆炸事故调查报告.pdf,pdf,5303750,accident,False,,pending,,False,
ACC_889223d58897daf1,闪燃致1死8伤！浙江新安迈图有机硅公司“9·15”灼烫事故报告公布.pdf,/root/autodl-tmp/chemical_kb/data/pdf/事故/闪燃致1死8伤！浙江新安迈图有机硅公司“9·15”灼烫事故报告公布.pdf,pdf,7539352,accident,False,,pending,,False,
ACC_a70b3ac45e86615f,上海睿腾医药科技有限公司“3·24”其他爆炸死亡事故调查报告.pdf,/root/autodl-tmp/chemical_kb/data/pdf/事故/上海睿腾医药科技有限公司“3·24”其他爆炸死亡事故调查报告.pdf,pdf,664126,accident,False,,pending,,False,
ACC_a7ac14922b0d2048,上海石化“6·18”1#乙二醇装置爆炸事故调查报告公布.pdf,/root/autodl-tmp/chemical_kb/data/pdf/事故/上海石化“6·18”1#乙二醇装置爆炸事故调查报告公布.pdf,pdf,11773760,accident,False,,pending,,False,
ACC_bb6bb4cb43836d96,上海市应急局批复同意上海赛科“11•26”事故调查报告（附报告全文）.docx,/root/autodl-tmp/chemical_kb/data/pdf/事故/上海市应急局批复同意上海赛科“11•26”事故调查报告（附报告全文）.docx,docx,47627,accident,False,,pending,,False,
ACC_02f44e872b9a85b6,上海市政府批复同意“5·12”赛科事故调查报告.docx,/root/autodl-tmp/chemical_kb/data/pdf/事故/上海市政府批复同意“5·12”赛科事故调查报告.docx,docx,50496,accident,False,,pending,,False,
ACC_53a88d4e784386d3,绍兴富强宏泰印染有限公司“1·10”较大中毒事故调查报告公布.pdf,/root/autodl-tmp/chemical_kb/data/pdf/事故/绍兴富强宏泰印染有限公司“1·10”较大中毒事故调查报告公布.pdf,pdf,7905109,accident,False,,pending,,False,
ACC_4a30332be12c9d0f,设备检修未开展风险辨识！厦门中坤生物公司“8·12”火灾事故报告公布.pdf,/root/autodl-tmp/chemical_kb/data/pdf/事故/设备检修未开展风险辨识！厦门中坤生物公司“8·12”火灾事故报告公布.pdf,pdf,3810457,accident,False,,pending,,False,
ACC_059e93f1b0016c33,设计缺陷致硫酸储罐爆燃！湖南恒光化工公司“8·28”事故报告.pdf,/root/autodl-tmp/chemical_kb/data/pdf/事故/设计缺陷致硫酸储罐爆燃！湖南恒光化工公司“8·28”事故报告.pdf,pdf,7775445,accident,False,,pending,,False,
ACC_0799f4ea33bc7b63,深圳“5·13”较大中毒和窒息事故调查报告公布，2家企业被纳入联合惩戒对象！.docx,/root/autodl-tmp/chemical_kb/data/pdf/事故/深圳“5·13”较大中毒和窒息事故调查报告公布，2家企业被纳入联合惩戒对象！.docx,docx,70591,accident,False,,pending,,False,
ACC_42dbbc4942bd62c4,深圳联昇线路科技有限公司“12·25”较大中毒窒息事故调查报告公布.pdf,/root/autodl-tmp/chemical_kb/data/pdf/事故/深圳联昇线路科技有限公司“12·25”较大中毒窒息事故调查报告公布.pdf,pdf,8960736,accident,False,,pending,,False,
ACC_1319c8fc9c6e19f5,石家庄安森化工“2·29”闪爆事故调查报告.docx,/root/autodl-tmp/chemical_kb/data/pdf/事故/石家庄安森化工“2·29”闪爆事故调查报告.docx,docx,19208,accident,False,,pending,,False,
ACC_fa073e1ed2996983,事故报告 4死2伤！违规作业+盲目施救！.pdf,/root/autodl-tmp/chemical_kb/data/pdf/事故/事故报告 4死2伤！违规作业+盲目施救！.pdf,pdf,4592248,accident,False,,pending,,False,
ACC_69b93f5b9cfd8395,肇庆高新区“7·5”一般窒息事故调查报告.docx,/root/autodl-tmp/chemical_kb/data/pdf/事故/肇庆高新区“7·5”一般窒息事故调查报告.docx,docx,23903,accident,False,,pending,,False,
ACC_7c511bdd9c59e66b,事故报告 柳州钢铁股份有限公司焦化厂“7·5”一般着火事故.docx,/root/autodl-tmp/chemical_kb/data/pdf/事故/事故报告 柳州钢铁股份有限公司焦化厂“7·5”一般着火事故.docx,docx,44455,accident,False,,pending,,False,
ACC_eca063ced7b091d1,受限空间窒息致2死！山西安昆新能源公司“1·6”事故调查报告公布.pdf,/root/autodl-tmp/chemical_kb/data/pdf/事故/受限空间窒息致2死！山西安昆新能源公司“1·6”事故调查报告公布.pdf,pdf,6454572,accident,False,,pending,,False,
ACC_7642d3ec8238d673,松木经开区湖南恒光化工有限公司“8·28”一般爆燃事故调查报告.docx,/root/autodl-tmp/chemical_kb/data/pdf/事故/松木经开区湖南恒光化工有限公司“8·28”一般爆燃事故调查报告.docx,docx,1848640,accident,False,,pending,,False,
ACC_e600ac15b429372d,台州海神制药有限公司“5·15”爆燃致2死事故调查报告发布.docx,/root/autodl-tmp/chemical_kb/data/pdf/事故/台州海神制药有限公司“5·15”爆燃致2死事故调查报告发布.docx,docx,51588,accident,False,,pending,,False,
ACC_3502dcbb33266494,唐山华熠“3·1”谎报较大火灾事故调查报告出炉，企业老总被追刑责！.docx,/root/autodl-tmp/chemical_kb/data/pdf/事故/唐山华熠“3·1”谎报较大火灾事故调查报告出炉，企业老总被追刑责！.docx,docx,53632,accident,False,,pending,,False,
ACC_93488d1215d28c7b,天津博爱制药爆炸致3死2伤，事故调查报告公布！.docx,/root/autodl-tmp/chemical_kb/data/pdf/事故/天津博爱制药爆炸致3死2伤，事故调查报告公布！.docx,docx,50698,accident,False,,pending,,False,
ACC_f6f99082f2909241,天津泰科油气技术发展有限公司“1·11”爆炸事故调查报告发布.pdf,/root/autodl-tmp/chemical_kb/data/pdf/事故/天津泰科油气技术发展有限公司“1·11”爆炸事故调查报告发布.pdf,pdf,3416791,accident,False,,pending,,False,
ACC_9076adbdb1f51d48,皖维集团“8·31”醇解车间爆炸事故调查报告公布.docx,/root/autodl-tmp/chemical_kb/data/pdf/事故/皖维集团“8·31”醇解车间爆炸事故调查报告公布.docx,docx,45812,accident,False,,pending,,False,
ACC_9978b6eba972f741,危废仓库管理不到位！衡阳黎达化工公司“7·23”爆炸事故报告公布.pdf,/root/autodl-tmp/chemical_kb/data/pdf/事故/危废仓库管理不到位！衡阳黎达化工公司“7·23”爆炸事故报告公布.pdf,pdf,7318904,accident,False,,pending,,False,
ACC_4707896fab1f0d5a,违法试生产、违规操作致3死！张掖耀邦化工“9·14”事故调查报告公布.docx,/root/autodl-tmp/chemical_kb/data/pdf/事故/违法试生产、违规操作致3死！张掖耀邦化工“9·14”事故调查报告公布.docx,docx,52950,accident,False,,pending,,False,
ACC_63354e61503ae41e,违反操作规程致1死！安徽瑞然生物药肥公司“2·16”容器爆炸事故报告.pdf,/root/autodl-tmp/chemical_kb/data/pdf/事故/违反操作规程致1死！安徽瑞然生物药肥公司“2·16”容器爆炸事故报告.pdf,pdf,3865614,accident,False,,pending,,False,
ACC_9a913c8b249d3f70,违反操作规程致2人死亡！辽宁北方煤化工“5·31”中毒窒息事故报告.docx,/root/autodl-tmp/chemical_kb/data/pdf/事故/违反操作规程致2人死亡！辽宁北方煤化工“5·31”中毒窒息事故报告.docx,docx,44899,accident,False,,pending,,False,
ACC_2ea183ee9bd40668,违反实验室操作规程致2死！康龙化成（北京）新药技术公司“6·3”事故调查报告.pdf,/root/autodl-tmp/chemical_kb/data/pdf/事故/违反实验室操作规程致2死！康龙化成（北京）新药技术公司“6·3”事故调查报告.pdf,pdf,5815733,accident,False,,pending,,False,
ACC_069aff9210f1e657,违规变更致2死3伤！鑫泰基“5·12”爆炸着火事故调查报告公布.pdf,/root/autodl-tmp/chemical_kb/data/pdf/事故/违规变更致2死3伤！鑫泰基“5·12”爆炸着火事故调查报告公布.pdf,pdf,6191973,accident,False,,pending,,False,
ACC_385e8d1f2094dd53,违规操作致2死1伤 河南永银“6·10”钢瓶爆炸事故调查报告公布.pdf,/root/autodl-tmp/chemical_kb/data/pdf/事故/违规操作致2死1伤 河南永银“6·10”钢瓶爆炸事故调查报告公布.pdf,pdf,3910464,accident,False,,pending,,False,
ACC_1927c3053eeefccd,违规处置危化品泄漏致4死2伤！广州增城“9·16”较大爆燃事故报告公布.pdf,/root/autodl-tmp/chemical_kb/data/pdf/事故/违规处置危化品泄漏致4死2伤！广州增城“9·16”较大爆燃事故报告公布.pdf,pdf,7341792,accident,False,,pending,,False,
ACC_09c7ea830db829b6,违规动火致1人死亡！重庆市鹏凯精细化工“4·23”压力容器爆炸事故报告.docx,/root/autodl-tmp/chemical_kb/data/pdf/事故/违规动火致1人死亡！重庆市鹏凯精细化工“4·23”压力容器爆炸事故报告.docx,docx,51122,accident,False,,pending,,False,
ACC_acd0e3467ea5b5d0,违规动火致4死！沧州信诺立兴“3˙8”闪爆事故调查报告.pdf,/root/autodl-tmp/chemical_kb/data/pdf/事故/违规动火致4死！沧州信诺立兴“3˙8”闪爆事故调查报告.pdf,pdf,3904544,accident,False,,pending,,False,
ACC_de78a8e312701035,违规检修致人死亡！鹰潭千盛化工“4·9”一般中毒事故调查报告.pdf,/root/autodl-tmp/chemical_kb/data/pdf/事故/违规检修致人死亡！鹰潭千盛化工“4·9”一般中毒事故调查报告.pdf,pdf,4616389,accident,False,,pending,,False,
ACC_080fb0002f5297df,违规开展新工艺验证试验致1人死亡！河南仁华生物“4·30”硫化氢中毒事故报告公布.pdf,/root/autodl-tmp/chemical_kb/data/pdf/事故/违规开展新工艺验证试验致1人死亡！河南仁华生物“4·30”硫化氢中毒事故报告公布.pdf,pdf,6218374,accident,False,,pending,,False,
ACC_babb56e3937df0eb,违规试生产！ 衢州中天东方“8·22”爆燃事故调查报告公布.pdf,/root/autodl-tmp/chemical_kb/data/pdf/事故/违规试生产！ 衢州中天东方“8·22”爆燃事故调查报告公布.pdf,pdf,6626636,accident,False,,pending,,False,
ACC_1687b106a9d07746,违规受限空间作业致人死亡！湖南经世“8·15”一般窒息事故调查报告.pdf,/root/autodl-tmp/chemical_kb/data/pdf/事故/违规受限空间作业致人死亡！湖南经世“8·15”一般窒息事故调查报告.pdf,pdf,2901987,accident,False,,pending,,False,
ACC_80b2a516cafa9780,违规酸洗作业致2死4伤！内蒙古亿利化学“10·1”中毒和窒息事故报告公布.docx,/root/autodl-tmp/chemical_kb/data/pdf/事故/违规酸洗作业致2死4伤！内蒙古亿利化学“10·1”中毒和窒息事故报告公布.docx,docx,42532,accident,False,,pending,,False,
ACC_57fb820a223fdbeb,违规作业、盲目施救致2死！甘肃普维新型合成材料“12·25”中毒窒息事故报告.pdf,/root/autodl-tmp/chemical_kb/data/pdf/事故/违规作业、盲目施救致2死！甘肃普维新型合成材料“12·25”中毒窒息事故报告.pdf,pdf,5613375,accident,False,,pending,,False,
ACC_5d2dc20147a00004,违规作业、盲目施救致3死！云南先锋化工“12·12”较大窒息事故报告.pdf,/root/autodl-tmp/chemical_kb/data/pdf/事故/违规作业、盲目施救致3死！云南先锋化工“12·12”较大窒息事故报告.pdf,pdf,4650408,accident,False,,pending,,False,
ACC_4ba383bc159e8bc4,违规作业、施救不当致3死1伤！伊犁新天煤化工“10·16”窒息事故公布报告.pdf,/root/autodl-tmp/chemical_kb/data/pdf/事故/违规作业、施救不当致3死1伤！伊犁新天煤化工“10·16”窒息事故公布报告.pdf,pdf,7232326,accident,False,,pending,,False,
ACC_ac9a90765c78f2ff,违规作业致1人死亡 衢州巨塑“4·28”中毒和窒息事故报告公布.pdf,/root/autodl-tmp/chemical_kb/data/pdf/事故/违规作业致1人死亡 衢州巨塑“4·28”中毒和窒息事故报告公布.pdf,pdf,2238909,accident,False,,pending,,False,
ACC_14c0773b2e2896b8,违规作业致5死2伤！衡水建民5·30较大爆炸事故调查报告公布.pdf,/root/autodl-tmp/chemical_kb/data/pdf/事故/违规作业致5死2伤！衡水建民5·30较大爆炸事故调查报告公布.pdf,pdf,5374909,accident,False,,pending,,False,
ACC_9c1d070d59b31d88,违章动火致1死2伤 广西钢铁集团焦化厂“8•6”事故调查报告公布.pdf,/root/autodl-tmp/chemical_kb/data/pdf/事故/违章动火致1死2伤 广西钢铁集团焦化厂“8•6”事故调查报告公布.pdf,pdf,12636979,accident,False,,pending,,False,
ACC_f3895de0fbeba76c,违章作业致1死3伤！济宁某生物科技公司一般中毒事故调查报告公布.pdf,/root/autodl-tmp/chemical_kb/data/pdf/事故/违章作业致1死3伤！济宁某生物科技公司一般中毒事故调查报告公布.pdf,pdf,2817998,accident,False,,pending,,False,
ACC_6e6981667c2d4168,潍坊高密山东友道化学有限公司“5·27”重大爆炸事故调查报告.pdf,/root/autodl-tmp/chemical_kb/data/pdf/事故/潍坊高密山东友道化学有限公司“5·27”重大爆炸事故调查报告.pdf,pdf,2582827,accident,False,,pending,,False,
ACC_f3e7a81c2f3a1faf,未对环保设施进行安全管理！江苏中丹化工“4·3”火灾事故报告公布.docx,/root/autodl-tmp/chemical_kb/data/pdf/事故/未对环保设施进行安全管理！江苏中丹化工“4·3”火灾事故报告公布.docx,docx,44745,accident,False,,pending,,False,
ACC_74b2aaa215c6f30e,仙桃市湖北仙隆化工股份有限公司“2・26” 较大爆炸事故调查报告发布.pdf,/root/autodl-tmp/chemical_kb/data/pdf/事故/仙桃市湖北仙隆化工股份有限公司“2・26” 较大爆炸事故调查报告发布.pdf,pdf,2571178,accident,False,,pending,,False,
ACC_d4521b62655601f2,硝基苯酚爆炸致9死3伤！枣庄“3·27“爆炸事故调查报告发布.docx,/root/autodl-tmp/chemical_kb/data/pdf/事故/硝基苯酚爆炸致9死3伤！枣庄“3·27“爆炸事故调查报告发布.docx,docx,48002,accident,False,,pending,,False,
ACC_41857a09948dccd7,新疆广汇新能源有限公司“5·8”闪爆一般事故调查报告公布.pdf,/root/autodl-tmp/chemical_kb/data/pdf/事故/新疆广汇新能源有限公司“5·8”闪爆一般事故调查报告公布.pdf,pdf,6294485,accident,False,,pending,,False,
ACC_90e9467dc94e8768,新疆广汇新源能源“1·4”一氧化碳中毒亡人事故调查报告.docx,/root/autodl-tmp/chemical_kb/data/pdf/事故/新疆广汇新源能源“1·4”一氧化碳中毒亡人事故调查报告.docx,docx,27641,accident,False,,pending,,False,
ACC_b37009bdc8ea397d,新疆广汇新源能源公司“1·4”中毒事故调查报告.docx,/root/autodl-tmp/chemical_kb/data/pdf/事故/新疆广汇新源能源公司“1·4”中毒事故调查报告.docx,docx,50865,accident,False,,pending,,False,
ACC_44911e1c46a77eac,中高化工“10·22”较大安全事故调查报告公布.pdf,/root/autodl-tmp/chemical_kb/data/pdf/事故/中高化工“10·22”较大安全事故调查报告公布.pdf,pdf,4365789,accident,False,,pending,,False,
ACC_0bca391acce2fdcd,新乡获嘉大鑫化工有限公司“7·23”较大爆炸事故调查报告.pdf,/root/autodl-tmp/chemical_kb/data/pdf/事故/新乡获嘉大鑫化工有限公司“7·23”较大爆炸事故调查报告.pdf,pdf,34816728,accident,False,,pending,,False,
ACC_ec87421fa5844db7,伊犁新天煤化工有限责任公司低温甲醇洗装置废气中有效气体回收工程施工项目“10·16”较大窒息事故调查报告.pdf,/root/autodl-tmp/chemical_kb/data/pdf/事故/伊犁新天煤化工有限责任公司低温甲醇洗装置废气中有效气体回收工程施工项目“10·16”较大窒息事故调查报告.pdf,pdf,866627,accident,False,,pending,,False,
ACC_295da9ff9fabfb4e,乙炔压缩机憋压爆炸致人身亡 贵州一企业事故调查报告公布.pdf,/root/autodl-tmp/chemical_kb/data/pdf/事故/乙炔压缩机憋压爆炸致人身亡 贵州一企业事故调查报告公布.pdf,pdf,2436865,accident,False,,pending,,False,
ACC_e9a5cf6f4b39019c,隐患排查整治不到位！攀枝花能缘化工“7·1”淹溺事故报告公布.docx,/root/autodl-tmp/chemical_kb/data/pdf/事故/隐患排查整治不到位！攀枝花能缘化工“7·1”淹溺事故报告公布.docx,docx,51757,accident,False,,pending,,False,
ACC_002eaefdb9662625,鹰潭贵溪千盛化工有限责任公司“4·9”一般中毒瞒报事故调查报告.pdf,/root/autodl-tmp/chemical_kb/data/pdf/事故/鹰潭贵溪千盛化工有限责任公司“4·9”一般中毒瞒报事故调查报告.pdf,pdf,1148658,accident,False,,pending,,False,
ACC_b6c1c3bf6bfe778c,又是受限空间作业事故！肇庆巨元生化“7·5”窒息事故报告公布.docx,/root/autodl-tmp/chemical_kb/data/pdf/事故/又是受限空间作业事故！肇庆巨元生化“7·5”窒息事故报告公布.docx,docx,50758,accident,False,,pending,,False,
ACC_81f462bf3fd8ae8b,云南浩朗磷酸盐有限公司“11·10”一般中毒和窒息事故调查报告公布.docx,/root/autodl-tmp/chemical_kb/data/pdf/事故/云南浩朗磷酸盐有限公司“11·10”一般中毒和窒息事故调查报告公布.docx,docx,48101,accident,False,,pending,,False,
ACC_06d757a88a627857,造成6死5伤的“11·12”汇丰炭素爆燃事故报告公布：导热油泄漏+违章动火作业.docx,/root/autodl-tmp/chemical_kb/data/pdf/事故/造成6死5伤的“11·12”汇丰炭素爆燃事故报告公布：导热油泄漏+违章动火作业.docx,docx,48593,accident,False,,pending,,False,
ACC_2402d681980ea036,造成20死175伤的温岭“6·13”液化气运输车重大爆炸事故报告公布.pdf,/root/autodl-tmp/chemical_kb/data/pdf/事故/造成20死175伤的温岭“6·13”液化气运输车重大爆炸事故报告公布.pdf,pdf,5910479,accident,False,,pending,,False,
ACC_f7552543ac7f9f86,沾益花山云南大为制焦有限公司“1·15”一般高处坠落事故调查报告.pdf,/root/autodl-tmp/chemical_kb/data/pdf/事故/沾益花山云南大为制焦有限公司“1·15”一般高处坠落事故调查报告.pdf,pdf,504318,accident,False,,pending,,False,
ACC_f5d2900ba5ca4017,长春世鹿鹿业集团有限公司 “11•06”较大火灾事故调查报告.docx,/root/autodl-tmp/chemical_kb/data/pdf/事故/长春世鹿鹿业集团有限公司 “11•06”较大火灾事故调查报告.docx,docx,49639,accident,False,,pending,,False,
ACC_cd480e4a683df7d9,浙江巨圣氟化学有限公司“12·29”一般爆燃事故调查报告公布.pdf,/root/autodl-tmp/chemical_kb/data/pdf/事故/浙江巨圣氟化学有限公司“12·29”一般爆燃事故调查报告公布.pdf,pdf,6420329,accident,False,,pending,,False,
ACC_8552cca0f536e389,浙江荔禾电气科技有限公司5·5 爆燃较大生产安全事故调查报告.docx,/root/autodl-tmp/chemical_kb/data/pdf/事故/浙江荔禾电气科技有限公司5·5 爆燃较大生产安全事故调查报告.docx,docx,45103,accident,False,,pending,,False,
ACC_2b18e1f8309dcbad,致6死1伤！湖北天门楚天生物科技有限公司“9·28”较大爆炸事故调查报告发布.docx,/root/autodl-tmp/chemical_kb/data/pdf/事故/致6死1伤！湖北天门楚天生物科技有限公司“9·28”较大爆炸事故调查报告发布.docx,docx,52875,accident,False,,pending,,False,
ACC_ed1df48b75332f55,中毒窒息4人死亡！吕梁交口旺庄生铁公司焦化厂“2·23”事故报告公布.pdf,/root/autodl-tmp/chemical_kb/data/pdf/事故/中毒窒息4人死亡！吕梁交口旺庄生铁公司焦化厂“2·23”事故报告公布.pdf,pdf,9494602,accident,False,,pending,,False,
ACC_8ec345c66f832d76,中海油惠州石化“2·18”闪爆事故调查报告公布.pdf,/root/autodl-tmp/chemical_kb/data/pdf/事故/中海油惠州石化“2·18”闪爆事故调查报告公布.pdf,pdf,7263174,accident,False,,pending,,False,
ACC_4922456a8d5d0a4e,中山义安泰医药科技有限公司“2·12“一般起火事故调查报告.pdf,/root/autodl-tmp/chemical_kb/data/pdf/事故/中山义安泰医药科技有限公司“2·12“一般起火事故调查报告.pdf,pdf,264422,accident,False,,pending,,False,
ACC_f2cc8d0b30c2be0f,常德津市湖南经世新材料有限责任公司“8·15”一般窒息事故调查报告,/root/autodl-tmp/chemical_kb/data/pdf/事故/常德津市湖南经世新材料有限责任公司“8·15”一般窒息事故调查报告,jpg,11401969,accident,True,20,pending,,False,
ACC_38879c7a74d4634f,阿拉善内蒙古利元科技有限公司“3·19”一般爆炸事故调查报告,/root/autodl-tmp/chemical_kb/data/pdf/事故/阿拉善内蒙古利元科技有限公司“3·19”一般爆炸事故调查报告,jpg,23039952,accident,True,33,pending,,False,
ACC_2f57a7af2fb40353,临平塘栖杭州宝晶生物股份有限公司“7·10”一般中毒和窒息事故调查报告,/root/autodl-tmp/chemical_kb/data/pdf/事故/临平塘栖杭州宝晶生物股份有限公司“7·10”一般中毒和窒息事故调查报告,jpg,8821125,accident,True,15,pending,,False,
