doc_id,status,method,page_count,char_count,error
ACC_97a2d0e30b77802f,skip,,0,0,
ACC_5f3f7a419d9819a1,skip,,0,0,
ACC_a1969b9692cbbb5e,skip,,0,0,
ACC_d075115739026729,skip,,0,0,
ACC_d8d56ce02e03c002,skip,,0,0,
ACC_ea777278ebe5b793,success,ocr,28,15227,
ACC_d94495a90a395de6,success,ocr,7,2570,
ACC_079f0344a601a660,success,ocr,25,15775,
ACC_844435de125dc425,success,docx,1,6268,
ACC_9ff709766c9f71cb,success,ocr,26,10812,
ACC_f3b65d8423a8e266,success,docx,1,4540,
ACC_92f9bbab3c229a90,success,docx,1,5065,
ACC_7e8c4266be484f10,success,docx,1,6511,
ACC_ed55772b06b8acbf,success,ocr,20,11251,
ACC_48f536b86b6e65f0,success,docx,1,6320,
ACC_9aaf3453709cd546,success,ocr,15,8026,
ACC_50c3a460c329656d,success,ocr,17,8613,
ACC_78c6d062a4030433,success,docx,1,4738,
ACC_65c1716586c653cc,success,ocr,12,4935,
ACC_71b1fca6f70b374c,success,docx,1,4782,
ACC_4a1c673f4d92d455,success,ocr,20,8359,
ACC_e42a6f21c178b7f8,success,ocr,31,14845,
ACC_6947edc874e4692f,success,ocr,24,13109,
ACC_e6f690012a043ab5,success,ocr,26,14826,
ACC_bec795d88d6c8f9b,success,docx,1,2444,
ACC_74b1780513beb2d1,success,docx,1,9793,
ACC_23a84d8f5e7a90ac,success,docx,1,4164,
ACC_aaf0af3cc8da49ab,success,docx,1,10538,
ACC_1871e0afe5dd098c,success,docx,1,4216,
ACC_06e084a8b806e588,success,ocr,18,12357,
ACC_d7fed30ea5b89c26,success,ocr,41,24104,
ACC_ecd6623024be06a5,success,docx,1,9063,
ACC_ecf75466be701290,success,docx,1,11394,
ACC_d45c0de31d470b7d,success,docx,1,2254,
ACC_a99c66676e30384c,success,ocr,38,23186,
ACC_1135bd1262e4129b,success,ocr,75,42414,
ACC_40d237b3814217b0,success,docx,1,22039,
ACC_0759c1428d9ec3eb,success,docx,1,24994,
ACC_3adf3b020f1be126,success,text,7,3413,
ACC_2632c04cdd45b9db,success,ocr,32,15597,
ACC_ad5ff57215ddd320,success,docx,1,1347,
ACC_3eb1d4faf86dc86d,success,ocr,34,17648,
ACC_ed3b9ab55b019b3e,success,mixed,14,8006,
ACC_a1be65544e26bada,success,ocr,33,17332,
ACC_a54a2bc1a40d7745,success,ocr,26,12079,
ACC_794f4a493115cfc2,success,docx,1,5399,
ACC_0b55e9a12f56210e,success,ocr,13,5820,
ACC_efa55290016c1b97,success,ocr,40,27358,
ACC_ac390b1c3b69236d,success,ocr,30,15602,
ACC_b0ffc8c56664f6a4,success,text,15,7886,
ACC_eb5397fb6bbf7a8c,success,docx,1,6000,
ACC_ac7127fe8b49c1c7,success,docx,1,8752,
ACC_4abf9878725f236e,success,ocr,2,1558,
ACC_1f6a00493ef39c16,success,ocr,22,15364,
ACC_64e8a93ec1f7e294,success,ocr,20,8450,
ACC_e5f2cf7753fcde15,success,docx,1,5884,
ACC_14353ef84eeb9f98,success,ocr,20,9769,
ACC_011e1ecb49a4cfc4,success,docx,1,917,
ACC_17b06e86fb5ae8d2,success,ocr,15,8461,
ACC_350ac86b036c5a24,success,docx,1,1732,
ACC_48c1e88c2615e355,success,docx,1,16235,
ACC_906bf0b57510a3be,success,docx,1,13914,
ACC_6fbd6504c5a6522d,success,ocr,16,9259,
ACC_2b0c938e8871feea,success,ocr,13,6984,
ACC_d81abe9f3dc21611,success,ocr,15,6522,
ACC_e2bc3f09bf83ad3f,success,ocr,22,15740,
ACC_83439f1a0140f404,success,docx,1,10050,
ACC_aa2c8bec8e00533d,success,ocr,29,16380,
ACC_b435a4598d511f2b,success,ocr,23,11692,
ACC_517bfb770ffccff0,success,ocr,34,15862,
ACC_6a2931455cf9ac98,success,ocr,25,10843,
ACC_ffa07f9235ea9c54,success,ocr,16,10771,
ACC_e599a26646cc5335,success,ocr,19,11372,
ACC_09ec70f0fd658ef4,success,ocr,17,8743,
ACC_ad2729adb4392c9a,success,docx,1,8517,
ACC_e4733f92e5cb63bf,success,docx,1,10291,
ACC_fb17b454b77435f8,success,ocr,27,13161,
ACC_72a865f9e1a101e7,success,mixed,28,14729,
ACC_e047ed9c7598ad6c,success,docx,1,5580,
ACC_487539a407579ec4,success,docx,1,9206,
ACC_ec17f359227dbc09,success,docx,1,8878,
ACC_40717ae319507da2,success,docx,1,1117,
ACC_a3cfa945b2126e8e,success,ocr,14,6687,
ACC_e1e5c3feb5f78151,success,docx,1,4633,
ACC_2311e2d09b0db7f7,success,docx,1,462,
ACC_3ddff0fa0c8d7047,success,ocr,37,20339,
ACC_d115ba9a234bfe04,success,ocr,40,20886,
ACC_b0c09ef22f0f55df,success,ocr,29,17010,
ACC_b4554dfc5608c9dd,success,ocr,22,12784,
ACC_4dc4c60c63212114,success,ocr,33,20860,
ACC_3586b72227226641,success,text,28,22327,
ACC_7299ae134a1cdc6d,success,ocr,28,17841,
ACC_dcfeae5b2ac15af5,success,mixed,31,18155,
ACC_78e6ef7b508a0163,success,text,39,21328,
ACC_07a84c4fe7b618c1,success,docx,1,9107,
ACC_bbb885e405766409,success,docx,1,11758,
ACC_2fd98c9afb941874,success,docx,1,6352,
ACC_8a95d8c3e8167b4a,success,docx,1,6539,
ACC_277b7eca26ddace3,success,mixed,32,21925,
ACC_816d25a51078a7d0,success,mixed,21,13760,
ACC_013178bfc16f8129,success,docx,1,6341,
ACC_44cd07a1979401ae,success,ocr,19,9681,
ACC_e40eb34291d4a61f,success,mixed,22,12642,
ACC_96047265e0d39775,success,text,11,1765,
ACC_f592c70e62b3a7b9,success,doc_catdoc,1,12440,
ACC_3704f1e034e8f628,success,docx,1,8318,
ACC_d553763f9c29081e,success,ocr,65,37122,
ACC_ada91a25adb0f947,success,docx,1,12570,
ACC_a030f2ee2135bb7f,success,docx,1,2491,
ACC_cd40ee5985164ea4,success,ocr,35,19364,
ACC_518565864ca42b74,success,docx,1,23485,
ACC_90fcdf84562ac596,success,docx,1,2812,
ACC_598e058a44da2108,success,docx,1,2801,
ACC_5cda47facc47855a,success,ocr,46,29174,
ACC_12f48016c433820b,success,ocr,13,7708,
ACC_0aa18bac259141bb,success,ocr,30,14886,
ACC_948d87a341e97030,success,ocr,47,32309,
ACC_f2e522b40cc03130,success,mixed,14,8510,
ACC_76862b31e4345028,success,docx,1,9512,
ACC_ca0182a7eeb6e29c,success,docx,1,1358,
ACC_f38e7e54c2da06af,success,ocr,20,10068,
ACC_503fc33690971be6,success,ocr,38,20158,
ACC_6aeacb19fe723c21,success,docx,1,6874,
ACC_2693da32efc71a48,success,mixed,29,13404,
ACC_0d8785b9a725cdef,success,docx,1,7479,
ACC_b04d8cf265258fc8,success,ocr,33,16627,
ACC_7d4e81ffc3c2cbea,success,docx,1,6000,
ACC_aa76907ac753bc37,success,docx,1,11325,
ACC_27c68d03197dc617,success,ocr,17,9404,
ACC_57e599e9a46aa8f5,success,ocr,23,12615,
ACC_3eb84ef6b474468c,success,docx,1,14746,
ACC_593056ffcec36736,success,ocr,42,22089,
ACC_980bbcb78133098d,success,ocr,20,11173,
ACC_e7e87facd00a1c93,success,ocr,53,37301,
ACC_a1a5576948c1ddac,success,docx,1,5346,
ACC_7e3fc7ddfb9c29d2,success,ocr,33,17889,
ACC_889223d58897daf1,success,ocr,22,9778,
ACC_a70b3ac45e86615f,success,mixed,22,11499,
ACC_a7ac14922b0d2048,success,ocr,29,16809,
ACC_bb6bb4cb43836d96,success,docx,1,5576,
ACC_02f44e872b9a85b6,success,docx,1,9440,
ACC_53a88d4e784386d3,success,ocr,24,13233,
ACC_4a30332be12c9d0f,success,ocr,21,10270,
ACC_059e93f1b0016c33,success,ocr,26,11682,
ACC_0799f4ea33bc7b63,success,docx,1,28831,
ACC_42dbbc4942bd62c4,success,ocr,43,26506,
ACC_1319c8fc9c6e19f5,success,docx,1,4633,
ACC_fa073e1ed2996983,success,ocr,27,14228,
ACC_69b93f5b9cfd8395,success,docx,1,8216,
ACC_7c511bdd9c59e66b,success,docx,1,3071,
ACC_eca063ced7b091d1,success,ocr,23,9425,
ACC_7642d3ec8238d673,success,docx,1,12583,
ACC_e600ac15b429372d,success,docx,1,8338,
ACC_3502dcbb33266494,success,docx,1,13237,
ACC_93488d1215d28c7b,success,docx,1,7952,
ACC_f6f99082f2909241,success,ocr,22,10852,
ACC_9076adbdb1f51d48,success,docx,1,4057,
ACC_9978b6eba972f741,success,ocr,19,10823,
ACC_4707896fab1f0d5a,success,docx,1,9763,
ACC_63354e61503ae41e,success,ocr,18,5806,
ACC_9a913c8b249d3f70,success,docx,1,3081,
ACC_2ea183ee9bd40668,success,ocr,22,8212,
ACC_069aff9210f1e657,success,ocr,37,18713,
ACC_385e8d1f2094dd53,success,ocr,23,12205,
ACC_1927c3053eeefccd,success,ocr,22,9731,
ACC_09c7ea830db829b6,success,docx,1,5933,
ACC_acd0e3467ea5b5d0,success,ocr,14,6597,
ACC_de78a8e312701035,success,ocr,15,7259,
ACC_080fb0002f5297df,success,ocr,19,9009,
ACC_babb56e3937df0eb,success,ocr,20,10768,
ACC_1687b106a9d07746,success,ocr,20,8452,
ACC_80b2a516cafa9780,success,docx,1,1476,
ACC_57fb820a223fdbeb,success,ocr,17,8382,
ACC_5d2dc20147a00004,success,ocr,28,14558,
ACC_4ba383bc159e8bc4,success,ocr,22,13745,
ACC_ac9a90765c78f2ff,success,ocr,14,7232,
ACC_14c0773b2e2896b8,success,ocr,30,15037,
ACC_9c1d070d59b31d88,success,ocr,22,10873,
ACC_f3895de0fbeba76c,success,ocr,18,7659,
ACC_6e6981667c2d4168,success,mixed,72,52091,
ACC_f3e7a81c2f3a1faf,success,docx,1,3139,
ACC_74b2aaa215c6f30e,success,ocr,18,9603,
ACC_d4521b62655601f2,success,docx,1,6159,
ACC_41857a09948dccd7,success,ocr,20,9157,
ACC_90e9467dc94e8768,success,docx,1,10983,
ACC_b37009bdc8ea397d,success,docx,1,8186,
ACC_44911e1c46a77eac,success,ocr,26,11755,
ACC_0bca391acce2fdcd,success,ocr,23,12532,
ACC_ec87421fa5844db7,success,mixed,34,24802,
ACC_295da9ff9fabfb4e,success,ocr,19,8945,
ACC_e9a5cf6f4b39019c,success,docx,1,6452,
ACC_002eaefdb9662625,success,mixed,19,10920,
ACC_b6c1c3bf6bfe778c,success,docx,1,7444,
ACC_81f462bf3fd8ae8b,success,docx,1,4567,
ACC_06d757a88a627857,success,docx,1,7170,
ACC_2402d681980ea036,success,ocr,29,17345,
ACC_f7552543ac7f9f86,success,text,20,11183,
ACC_f5d2900ba5ca4017,success,docx,1,7155,
ACC_cd480e4a683df7d9,success,ocr,18,10217,
ACC_8552cca0f536e389,success,docx,1,3290,
ACC_2b18e1f8309dcbad,success,docx,1,8934,
ACC_ed1df48b75332f55,success,ocr,26,15871,
ACC_8ec345c66f832d76,success,ocr,41,25665,
ACC_4922456a8d5d0a4e,success,mixed,14,8009,
ACC_f2cc8d0b30c2be0f,success,ocr,20,9802,
ACC_38879c7a74d4634f,success,ocr,33,13539,
ACC_2f57a7af2fb40353,success,ocr,15,8849,
